brand,model,slug,c_rating,capacity_mah,cells,chemistry,connector,dimensions_mm,price_per_wh_usd,price_usd,weight_g,sources,note
Auline,18650 2000mAh 4S,auline-18650-2000mah-4s,30C,2000,4S,Li-ion,XT60,,1.08,30.99,194.6,https://www.racedayquads.com/products/auline-14-8v-4s-18650-2000mah-30c-li-ion-battery-xt60,
Auline,3000mAh 3S,auline-3000mah-3s,10C,3000,3S,Li-ion,XT30,,1.47,47.49,150.0,https://www.racedayquads.com/products/auline-11-1v-3s-3000mah-10c-li-ion-battery-xt30,
Auline,3000mAh 6S,auline-3000mah-6s,10C,3000,6S,Li-ion,XT60,,1.44,92.99,297.0,https://www.racedayquads.com/products/auline-22-2v-6s-3000mah-10c-li-ion-battery-xt60,
Auline,3300mAh 6S,auline-3300mah-6s,45C,3300,6S,LiPo,XT60,,1.02,74.49,430.0,https://www.racedayquads.com/products/auline-22-2v-6s-3300mah-45c-liion-battery-xt60,
Auline,EX 1050mAh 6S,auline-ex-1050mah-6s,120C,1050,6S,LiPo,XT60,,1.87,43.49,193.6,https://www.racedayquads.com/products/auline-ex-22-2v-6s-1050mah-120c-lipo-battery-xt60,
Auline,EX 1550mAh 4S,auline-ex-1550mah-4s,120C,1550,4S,LiPo,XT60,,1.57,35.99,176.6,https://www.racedayquads.com/products/auline-sr-14-8v-4s-1350mah-120c-lipo-battery-xt60-1,
Auline,EX 500mAh 1S,auline-ex-500mah-1s,80C,500,1S,LiHV,PH2.0,,2.21,4.19,13.2,https://www.racedayquads.com/products/auline-ex-3-8v-1s-500mah-80c-lihv-whoop-micro-battery-ph2-0,
Auline,SR 1350mAh 4S,auline-sr-1350mah-4s,120C,1350,4S,LiPo,XT60,,2.38,47.49,154.0,https://www.racedayquads.com/products/auline-sr-14-8v-4s-1350mah-120c-lipo-battery-xt60,
Auline,SR 1350mAh 6S,auline-sr-1350mah-6s,120C,1350,6S,LiHV,XT60,,1.26,38.89,219.0,https://www.racedayquads.com/products/auline-sr-22-2v-6s-1350mah-120c-lipo-battery-xt60,
BetaFPV,450mAh 1S,betafpv-450mah-1s,30C,450,1S,LiHV,BT2.0,,20.75,35.49,12.7,https://www.racedayquads.com/products/betafpv-3-8v-1s-450mah-30c-lihv-whoop-micro-battery-4-pack-bt2-0,
BetaFPV,550mAh 1S,betafpv-550mah-1s,40C,550,1S,LiHV,BT2.0,,15.55,32.49,13.99,https://www.racedayquads.com/products/betafpv-3-8v-1s-550mah-40c-lihv-whoop-micro-battery-4-pack-bt2-0,
BetaFPV,Aquila16 Exclusive 1100mAh 1S,betafpv-aquila16-exclusive-1100mah-1s,15C,1100,1S,LiHV,BT2.0,62.8x41.3x17.8mm,5.26,21.99,25.5,https://www.racedayquads.com/products/betafpv-3-8v-1s-1100mah-15c-lihv-aquila16-exclusive-battery-2-pack-bt2-0,
BetaFPV,Aquila16 Exclusive 650mAh 1S,betafpv-aquila16-exclusive-650mah-1s,15C,650,1S,LiHV,BT2.0,62.8x41.3x17.8mm,5.66,13.99,22.0,https://www.racedayquads.com/products/draft-betafpv-aquila16-exclusive-battery-2pcs-650mah,
BetaFPV,LAVA II Pack 480mAh 1S,betafpv-lava-ii-pack-480mah-1s,95C,480,1S,LiHV,BT2.0,61 x 15.5 x 6 mm,14.8,26.99,12.6,https://www.racedayquads.com/products/betafpv-lava-ii-480mah-1s-95c-lihv-battery-pack-4-pcs-bt2-0,
BetaFPV,LAVA II Pack 580mAh 1S,betafpv-lava-ii-pack-580mah-1s,95C,580,1S,LiHV,BT2.0,70 x 15 x 6.5 mm,13.15,28.99,14.1,https://www.racedayquads.com/products/betafpv-lava-ii-580mah-1s-95c-lihv-battery-pack-4-pcs-bt2-0,
BetaFPV,LAVA II Pack 680mAh 1S,betafpv-lava-ii-pack-680mah-1s,95C,680,1S,LiHV,BT2.0,80 x 15 x 6.5 mm,12.38,31.99,16.2,https://www.racedayquads.com/products/betafpv-lava-ii-680mah-1s-95c-lihv-battery-pack-4-pcs-bt2-0,
CNHL,5200mAh 3S,cnhl-5200mah-3s,90C,5200,3S,LiPo,EC5,,0.85,48.99,395.0,https://www.racedayquads.com/products/cnhl-5200mah-3s-90c-11-1v-lipo-battery-ec5,
CNHL,5200mAh 4S,cnhl-5200mah-4s,90C,5200,4S,LiPo,EC5,,0.95,72.99,530.0,https://www.racedayquads.com/products/cnhl-5200mah-4s-90c-14-8v-lipo-battery-ec5,
CNHL,5200mAh 6S,cnhl-5200mah-6s,90C,5200,6S,LiPo,EC5,,0.94,107.99,790.0,https://www.racedayquads.com/products/cnhl-5200mah-6s-90c-22-2v-lipo-battery-ec5,
CNHL,6200mAh 6S,cnhl-6200mah-6s,90C,6200,6S,LiPo,EC5,,0.89,122.99,949.0,https://www.racedayquads.com/products/cnhl-6200mah-6s-90c-22-2v-lipo-battery-ec5,
CNHL,9500mAh 4S,cnhl-9500mah-4s,90C,9500,4S,LiPo,EC5,,1.02,143.49,775.0,https://www.racedayquads.com/products/cnhl-9500mah-4s-90c-14-8v-lipo-battery-ec5,
CNHL,Black Series 1100mAh 4S,cnhl-black-series-1100mah-4s,100C,1100,4S,LiPo,XT60,30x34x76mm,2.24,36.49,146.0,https://www.racedayquads.com/products/cnhl-black-series-14-8v-4s-1100mah-100c-lipo-battery-xt60,
CNHL,Black Series 1300mAh 6S,cnhl-black-series-1300-6s,100C,1300,6S (22.2V),LiPo,XT60,70x36x45,,,207,,SEED DATA — verify against manufacturer page before launch
CNHL,Black Series 2000mAh 4S,cnhl-black-series-2000mah-4s,100C,2000,4S,LiPo,XT60,48x39x78mm,1.37,40.49,232.0,https://www.racedayquads.com/products/cnhl-black-series-14-8v-4s-2000mah-100c-lipo-battery-xt60,
CNHL,Black Series 2000mAh 6S,cnhl-black-series-2000mah-6s,100C,2000,6S,LiPo,XT60,71x39x78mm,1.28,56.99,339.0,https://www.racedayquads.com/products/cnhl-black-series-22-2v-6s-2000mah-100c-lipo-battery-xt60,
CNHL,Black Series V2.0 1300mAh 4S,cnhl-black-series-v2-0-1300mah-4s,130C,1300,4S,LiPo,XT60,31x33x74mm,1.27,24.49,151.0,https://www.racedayquads.com/products/cnhl-black-series-v2-0-14-8v-4s-1300mah-130c-lipo-battery-xt60,
CNHL,Black Series V2.0 1300mAh 6S,cnhl-black-series-v2-0-1300mah-6s,130C,1300,6S,LiPo,XT60,48 x 33 x 77mm,1.26,36.49,223.0,https://www.racedayquads.com/products/cnhl-black-series-v2-0-1300mah-22-2v-130c-6s-lipo-battery-xt60,
CNHL,Black Series V2.0 1500mAh 4S,cnhl-black-series-v2-0-1500mah-4s,130C,1500,4S,LiPo,XT60,36x33x76mm,1.42,31.49,174.0,https://www.racedayquads.com/products/cnhl-black-series-v2-0-14-8v-4s-1500mah-100c-lipo-battery-xt60,
CNHL,Black Series V2.0 1500mAh 6S,cnhl-black-series-v2-0-1500mah-6s,130C,1500,6S,LiPo,XT60,52 x 33 x 75mm,1.31,43.49,251.0,https://www.racedayquads.com/products/cnhl-black-series-v2-0-1500mah-22-2v-6s-130c-lipo-battery-xt60,
CNHL,Black Series V2 1100mAh 6S,cnhl-black-series-v2-1100mah-6s,130C,1100,6S,LiPo,XT60,39.5x35x75mm,1.35,32.99,211.0,https://www.racedayquads.com/products/cnhl-black-series-22-2v-6s-1100mah-100c-lipo-battery-xt60,
CNHL,MiniStar 1500mAh 4S,cnhl-ministar-1500mah-4s,120C,1500,4S,LiPo,XT60,,1.64,36.49,189.0,https://www.racedayquads.com/products/cnhl-1500mah-120c-4s-ministar-li-po-battery,
CNHL,MiniStar 1800mAh 4S,cnhl-ministar-1800mah-4s,120C,1800,4S,LiPo,XT60,38.5x34x86mm,1.37,36.49,209.0,https://www.racedayquads.com/products/cnhl-ministar-14-8v-4s-1800mah-120c-lipo-battery-xt60,
CNHL,MiniStar 450mAh 1S,cnhl-ministar-450mah-1s,70C,450,1S,LiHV,PH2.0,7.3X18.1X59.3mm,7.01,11.99,49.0,https://pyrodrone.com/products/4-packs-cnhl-ministar-hv-450mah-3-8v-1s-70c-lipo-battery-with-ph2-0|https://www.racedayquads.com/products/cnhl-ministar-3-7v-1s-450mah-70c-lihv-micro-battery-4-pack-ph2-0,
CNHL,MiniStar 450mAh 2S,cnhl-ministar-450mah-2s,70C,450,2S,LiPo,XT30,,7.35,24.49,32.0,https://www.racedayquads.com/products/cnhl-ministar-7-6v-2s-450mah-70c-lipo-micro-battery-xt30,
CNHL,MiniStar 450mAh 3S,cnhl-ministar-450mah-3s,70C,450,3S,LiPo,XT30,,3.8,18.99,49.0,https://www.racedayquads.com/products/cnhl-450mah-3s-70c-11-1v-li-po-fpv-battery-for-2-and-3-quads-xt30,
CNHL,MiniStar 450mAh 4S,cnhl-ministar-450mah-4s,70C,450,4S,LiPo,XT30,30X18X65mm,0.54,3.6,62.0,https://pyrodrone.com/products/cnhl-ministar-14-8v-4s-450mah-70c-lipo-micro-battery-xt30|https://www.racedayquads.com/products/cnhl-450mah-4s-70c-ministar-14-8v-li-po-fpv-battery-for-2-and-3-quads-xt30,
CNHL,MiniStar 650mAh 4S,cnhl-ministar-650mah-4s,70C,650,4S,LiPo,XT30,27X30X58mm,1.97,18.99,87.0,https://www.racedayquads.com/products/cnhl-650mah-4s-70c-ministar-fpv-lipo-for-2-3-quads-xt30,
CNHL,MiniStar 850mAh 4S,cnhl-ministar-850mah-4s,70C,850,4S,LiPo,XT30,33X30X62mm,5.05,63.49,110.0,https://pyrodrone.com/products/cnhl-850mah-4s-70c-ministar-14-8v-li-po-fpv-battery-xt60|https://www.racedayquads.com/products/3-pack-of-cnhl-ministar-14-8v-4s-850mah-70c-lipo-micro-battery-xt30,
CNHL,Speedy Pizza Series Pro 1500mAh 6S,cnhl-speedy-pizza-series-pro-1500mah-6s,150C,1500,6S,LiPo,XT60,47X35X76MM,1.62,53.99,247.0,https://pyrodrone.com/products/cnhl-black-series-1500mah-22-2v-6s-130c-lipo-battery-xt60-1|https://www.racedayquads.com/products/cnhl-speedy-pizza-series-pro-1500mah-22-2v-6s-150c-lipo-battery-xt60,
CNHL,SpeedyPizza 1200mAh 4S,cnhl-speedypizza-1200mah-4s,100C,1200,4S,LiPo,XT60,31x34x74mm,3.52,62.49,153.0,https://www.racedayquads.com/products/3-pack-cnhl-speedypizza-14-8v-4s-1200mah-100c-lipo-battery-xt60,
CNHL,SpeedyPizza 1200mAh 6S,cnhl-speedypizza-1200mah-6s,100C,1200,6S,LiPo,XT60,48x35x75mm,3.04,80.99,210.0,https://www.racedayquads.com/products/3-pack-of-cnhl-speedypizza-22-2v-6s-1200mah-100c-lipo-battery-xt60,
CNHL,SpeedyPizza 1550mAh 4S,cnhl-speedypizza-1550mah-4s,100C,1550,4S,LiPo,XT60,35x40x77mm,1.18,26.99,189.0,https://www.racedayquads.com/products/cnhl-speedy-pizza-14-8v-4s-1550mah-100c-lipo-battery-xt60,
CNHL,SpeedyPizza 600mAh 3S,cnhl-speedypizza-600mah-3s,120C,600,3S,LiPo,XT30,24x12x70mm,2.25,14.99,53.0,https://www.racedayquads.com/products/cnhl-speedypizza-11-1v-3s-600ah-120c-lipo-battery-xt30,
CNHL,SpeedyPizza 600mAh 4S,cnhl-speedypizza-600mah-4s,120C,600,4S,LiPo,XT30,31.5x17x70mm,2.03,17.99,67.0,https://www.racedayquads.com/products/cnhl-speedypizza-14-8v-4s-600mah-120c-lipo-battery-xt30,
CNHL,Ultra Black Series 1050mAh 6S,cnhl-ultra-black-series-1050mah-6s,150C,1050,6S,LiPo,XT60,31x38x76mm,2.32,53.99,180.0,https://www.racedayquads.com/products/cnhl-ultra-black-series-22-2v-6s-1050mah-150c-lipo-battery-xt60,
CNHL,Ultra Black Series 1400mAh 6S,cnhl-ultra-black-series-1400mah-6s,150C,1400,6S,LiPo,XT60,39.5 x 39 x 78mm,1.96,60.99,239.0,https://www.racedayquads.com/products/cnhl-ultra-black-series-22-2v-6s-1400mah-150c-lipo-battery-xt60,
CNHL,Ultra Black Series 1550mAh 4S,cnhl-ultra-black-series-1550mah-4s,150C,1550,4S,LiPo,XT60,31x39x78mm,1.72,39.49,171.0,https://www.racedayquads.com/products/cnhl-ultra-black-series-14-8v-4s-1550mah-150c-lipo-battery-xt60,
CNHL,Ultra Black Series 1550mAh 6S,cnhl-ultra-black-series-1550mah-6s,150C,1550,6S,LiPo,XT60,46x40x80mm,1.82,62.49,256.0,https://www.racedayquads.com/products/cnhl-ultra-black-series-22-2v-6s-1550mah-150c-lipo-battery-xt60,
Dogcom,1300mAh 4S,dogcom-1300mah-4s,150C,1300,4S,LiPo,XT60,,1.45,27.99,157.0,https://www.racedayquads.com/products/dogcom-14-8v-4s-1300mah-150c-lipo-xt60,
Dogcom,1300mAh 6S,dogcom-1300mah-6s,150C,1300,6S,LiPo,XT60,,1.59,45.99,216.0,https://www.racedayquads.com/products/dogcom-1300mah-6s-150c-lipo-xt60,
Dogcom,1380mAh 6S,dogcom-1380mah-6s,150C,1380,6S,LiPo,XT60,,1.31,39.99,223.0,https://www.racedayquads.com/products/dogcom-1380mah-6s-22-2v-150c-lipo-battery-xt60,
Dogcom,1550mAh 6S,dogcom-1550mah-6s,150C,1550,6S,LiPo,XT60,,1.7,58.49,260.0,https://www.racedayquads.com/products/dogcom-22-2v-6s-1550mah-150c-lipo-battery-xt60,
Dogcom,1600mAh 6S,dogcom-1600mah-6s,180C,1600,6S,LiPo,XT60,,1.55,54.99,241.0,https://www.racedayquads.com/products/dogcom-1600mah-6s-22-2v-180c-lipo-battery-xt60,
Dogcom,1850mAh 4S,dogcom-1850mah-4s,150C,1850,4S,LiPo,XT60,,1.79,48.99,199.0,https://www.racedayquads.com/products/dogcom-gnb-14-8v-4s-1850mah-150c-lipo-battery-xt60,
Dogcom,1850mAh 6S,dogcom-1850mah-6s,150C,1850,6S,LiPo,XT60,,1.68,68.99,292.0,https://www.racedayquads.com/products/dogcom-gnb-22-2v-6s-1850mah-150c-lipo-battery-xt60,
Dogcom,560mAh 3S,dogcom-560mah-3s,150C,560,3S,LiPo,XT30,,2.73,16.99,46.0,https://www.racedayquads.com/products/dogcom-11-1v-3s-560mah-150c-lipo-xt30,
Dogcom,560mAh 4S,dogcom-560mah-4s,150C,560,4S,LiPo,XT30,,2.65,21.99,58.0,https://www.racedayquads.com/products/dogcom-14-8v-4s-560mah-150c-lipo-xt30,
Dogcom,850mAh 4S,dogcom-850mah-4s,150C,850,4S,LiPo,XT30,58 x 30 x 34mm,2.15,26.99,100.0,https://www.racedayquads.com/products/dogcom-14-8v-4s-850mah-150c-lipo-battery-xt30,
Dogcom,MCK EDITION V2.0 1380mAh 6S,dogcom-mck-edition-v2-0-1380mah-6s,160C,1380,6S,LiPo,XT60,,5.12,156.99,229.0,https://www.racedayquads.com/products/3-pack-of-dogcom-mck-edition-v2-0-22-2v-6s-1380mah-160c-lipo-battery-xt60-1,
Dogcom,SBang 1480mAh 6S,dogcom-sbang-1480mah-6s,150C,1480,6S,LiPo,XT60,78x38x41mm,1.73,56.99,239.0,https://www.racedayquads.com/products/dogcom-sbang-22-2v-6s-1480mah-150c-lipo-battery-xt60,
Dogcom,SBang V2 1480mAh 6S,dogcom-sbang-v2-1480mah-6s,160C,1480,6S,LiPo,XT60,37.5 x 39 x 81mm,1.86,60.99,244.0,https://www.racedayquads.com/products/dogcom-sbang-v2-22-2v-6s-1480mah-160c-lipo-battery-xt60,
Dogcom,Ultra Series 1480mAh 6S,dogcom-ultra-series-1480mah-6s,150C,1480,6S,LiPo,XT60,,1.52,49.99,216.0,https://www.racedayquads.com/products/dogcom-ultra-series-1480mah-6s-22-2v-150c-lipo-battery-xt60,
Dogcom,Ultra Series 1550mAh 6S,dogcom-ultra-series-1550mah-6s,150C,1550,6S,LiPo,XT60,,1.45,49.99,239.0,https://www.racedayquads.com/products/dogcom-ultra-series-1550mah-6s-22-2v-150c-lipo-battery-xt60,
Dogcom,Ultra Series 1700mAh 6S,dogcom-ultra-series-1700mah-6s,150C,1700,6S,LiPo,XT60,,1.4,52.99,253.0,https://www.racedayquads.com/products/dogcom-ultra-series-1700mah-6s-22-2v-150c-lipo-battery-xt60,
Five33,"""Budget"" 1380mAh 6S",five33-budget-1380mah-6s,150C,1380,6S,LiPo,XT60 (standard),,1.08,32.99,223.0,https://www.racedayquads.com/products/budget-1380mah-6s-150c-lipo-battery,
Flywoo,18650 3000mAh 4S,flywoo-18650-3000mah-4s,10C,3000,4S,Li-ion,XT30,68x37x37mm,1.45,62.49,197.7,https://www.racedayquads.com/products/flywoo-14-8v-4s-18650-3000mah-10c-li-ion-battery-for-explorer-lr-xt30,
Flywoo,Explorer 450mAh 1S,flywoo-explorer-450mah-1s,80C,450,1S,LiHV,GNB27,,15.78,26.99,13.2,https://www.racedayquads.com/products/flywoo-explorer-4-35v-1s-450mah-80c-lihv-battery-4-pack-gnb27,
Flywoo,Explorer V2 450mAh 1S,flywoo-explorer-v2-450mah-1s,80C,450,1S,LiHV,A30,,19.0,32.49,13.2,https://www.racedayquads.com/products/flywoo-explorer-3-8v-1s-450mah-80c-lihv-battery-4-pack-gnb27,
Flywoo,Explorer V2 750mAh 1S,flywoo-explorer-v2-750mah-1s,80C,750,1S,LiHV,A30,,12.8,36.49,14.0,https://www.racedayquads.com/products/flywoo-explorer-v2-3-8v-1s-750mah-80c-lihv-battery-4-pack-a30,
GNB,Gaoneng 1100mAh 4S,gnb-gaoneng-1100mah-4s,120C,1100,4S,LiHV,XT60,25x35x76mm,1.61,26.99,122.0,https://www.racedayquads.com/products/gaoneng-gnb-15-2v-4s-1100mah-120c-lihv-battery-xt60,
GNB,Gaoneng 1100mAh 6S,gnb-gaoneng-1100mah-6s,60C,1100,6S,LiHV,XT30,49x25x64mm,1.55,38.99,130.0,https://www.racedayquads.com/products/gaoneng-gnb-22-8v-6s-1100mah-60c-lipo-battery-xt30,
GNB,Gaoneng 1100mAh 8S,gnb-gaoneng-1100mah-8s,120C,1100,8S,LiPo,XT60,,1.46,47.49,255.0,https://www.racedayquads.com/products/gaoneng-29-6v-8s-1100mah-120c-lipo-battery-xt60,
GNB,Gaoneng 1300mAh 4S,gnb-gaoneng-1300mah-4s,120C,1300,4S,LiHV,XT60,23.5x38x80mm,1.77,34.99,129.0,https://www.racedayquads.com/products/gaoneng-gnb-15-2v-4s-1300mah-120c-lihv-battery-xt60,
GNB,Gaoneng 1300mAh 6S,gnb-gaoneng-1300mah-6s,120C,1300,6S,LiHV,XT60,34x38x80mm,1.55,45.99,189.0,https://www.racedayquads.com/products/gaoneng-gnb-22-8v-6s-1300mah-120c-lihv-battery-xt60,
GNB,Gaoneng 1350mAh 6S,gnb-gaoneng-1350mah-6s,100C,1350,6S,LiPo,XT60,,1.27,37.99,211.0,https://www.racedayquads.com/products/gaoneng-22-2v-6s-1350mah-100c-lihv-battery-xt60,
GNB,Gaoneng 1400mAh 6S,gnb-gaoneng-1400mah-6s,160C,1400,6S,LiPo,XT60,,1.45,44.99,269.0,https://www.racedayquads.com/products/gaoneng-gnb-22-2v-6s-1400mah-160c-lipo-battery-xt60,
GNB,Gaoneng 1500mAh 4S,gnb-gaoneng-1500mah-4s,120C,1500,4S,LiHV,XT60,26x38x79mm,1.47,33.49,146.0,https://www.racedayquads.com/products/gaoneng-gnb-15-2v-4s-1500mah-120c-lihv-battery-xt60,
GNB,Gaoneng 1500mAh 6S,gnb-gaoneng-1500mah-6s,120C,1500,6S,LiHV,XT60,38x38x79mm,1.43,48.99,218.0,https://www.racedayquads.com/products/gaoneng-gnb-22-8v-6s-1500mah-120c-lihv-battery-xt60,
GNB,Gaoneng 1530mAh 4S,gnb-gaoneng-1530mah-4s,160C,1530,4S,LiPo,XT60,31x38x80mm,1.5,33.99,177.0,https://www.racedayquads.com/products/gaoneng-gnb-14-8v-4s-1530mah-160c-lipo-battery-xt60,
GNB,Gaoneng 1530mAh 6S,gnb-gaoneng-1530mah-6s,160C,1530,6S,LiPo,XT60,45x38x80mm,1.32,44.99,253.0,https://www.racedayquads.com/products/gaoneng-gnb-22-2v-6s-1530mah-160c-lipo-battery-xt60,
GNB,Gaoneng 1530mAh 8S,gnb-gaoneng-1530mah-8s,160C,1530,8S,LiHV,XT60,59x38x80mm,1.28,59.49,330.0,https://www.racedayquads.com/products/gaoneng-gnb-29-6v-8s-1530mah-160c-lipo-battery-xt60,
GNB,Gaoneng 1550mAh 4S,gnb-gaoneng-1550mah-4s,120C,1550,4S,LiHV,XT60,36x35x76mm,1.09,25.79,182.0,https://www.racedayquads.com/products/gaoneng-gnb-14-8v-4s-1550mah-120c-lipo-battery-xt60,
GNB,Gaoneng 1550mAh 6S,gnb-gaoneng-1550mah-6s,120C,1550,6S,LiHV,XT60,53x35x76mm,1.46,51.49,259.0,https://www.racedayquads.com/products/gaoneng-gnb-22-2v-6s-1550mah-120c-lipo-battery-xt60,
GNB,Gaoneng 1850mAh 4S,gnb-gaoneng-1850mah-4s,120C,1850,4S,LiHV,XT60,32x39x80mm,1.37,38.49,180.0,https://www.racedayquads.com/products/gaoneng-gnb-15-2v-4s-1850mah-120c-lihv-battery-xt60,
GNB,Gaoneng 1850mAh 6S,gnb-gaoneng-1850mah-6s,120C,1850,6S,LiHV,XT60,47x39x81mm,1.35,56.99,257.0,https://www.racedayquads.com/products/gaoneng-gnb-22-8v-6s-1850mah-120c-lihv-battery-xt60,
GNB,Gaoneng 300mAh 2S,gnb-gaoneng-300mah-2s,80C,300,2S,LiHV,XT30,12x17x52mm,3.5,7.99,19.0,https://www.racedayquads.com/products/gaoneng-gnb-3-8v-2s-300mah-80c-lihv-whoop-micro-battery-w-cabled-connector-xt30,
GNB,Gaoneng 300mAh 3S,gnb-gaoneng-300mah-3s,80C,300,3S,LiHV,XT30,18x17x53mm,2.92,9.99,28.0,https://www.racedayquads.com/products/1x-gaoneng-gnb-11-4v-3s-300mah-80c-lihv-micro-battery-xt30,
GNB,Gaoneng 300mAh 4S,gnb-gaoneng-300mah-4s,80C,300,4S,LiHV,XT30,24x17x53mm,2.96,13.49,36.0,https://www.racedayquads.com/products/gaoneng-gnb-15-2v-4s-300mah-80c-lihv-micro-battery-xt30,
GNB,Gaoneng 380mAh 1S,gnb-gaoneng-380mah-1s,90C,380,1S,LiHV,A30,6.7x17x49mm,4.49,6.49,10.0,https://www.racedayquads.com/products/gaoneng-gnb-3-8v-1s-380mah-90c-lihv-whoop-micro-battery-w-plastic-head-a30,
GNB,Gaoneng 380mAh 2S,gnb-gaoneng-380mah-2s,90C,380,2S,LiHV,XT30,13x17x52mm,3.29,9.49,22.0,https://www.racedayquads.com/products/gaoneng-gnb-7-6v-2s-380mah-90c-lihv-micro-battery-xt30,
GNB,Gaoneng 380mAh 3S,gnb-gaoneng-380mah-3s,90C,380,3S,LiHV,XT30,20x17x55mm,2.88,12.49,32.0,https://www.racedayquads.com/products/gaoneng-gnb-11-4v-3s-380mah-90c-lihv-micro-battery-xt30,
GNB,Gaoneng 380mAh 4S,gnb-gaoneng-380mah-4s,90C,380,4S,LiHV,XT30,27x17x54mm,2.85,16.49,43.0,https://www.racedayquads.com/products/gaoneng-gnb-15-2v-4s-380mah-90c-lihv-micro-battery-xt30,
GNB,Gaoneng 450mAh 1S,gnb-gaoneng-450mah-1s,80C,450,1S,LiHV,PH2.0,6.5x17x60mm,2.63,4.49,12.0,https://www.racedayquads.com/products/gaoneng-gnb-3-7v-1s-450mah-80c-lihv-whoop-micro-battery-w-plastic-head-ph2-0,
GNB,Gaoneng 450mAh 2S,gnb-gaoneng-450mah-2s,80C,450,2S,LiHV,XT30,13x17x64mm,3.21,10.99,27.0,https://www.racedayquads.com/products/gaoneng-gnb-7-6v-2s-450mah-80c-lihv-micro-battery-long-type-xt30,
GNB,Gaoneng 450mAh 3S,gnb-gaoneng-450mah-3s,80C,450,3S,LiHV,XT30,19x17.5x64mm,2.63,13.49,40.0,https://www.racedayquads.com/products/gaoneng-gnb-11-1v-3s-450mah-80c-lihv-micro-battery-long-type-xt30,
GNB,Gaoneng 450mAh 4S,gnb-gaoneng-450mah-4s,80C,450,4S,LiPo,XT30,25x17x65mm,2.48,16.49,51.0,https://www.racedayquads.com/products/gaoneng-gnb-14-8v-4s-450mah-80c-lipo-micro-battery-long-type-xt30,
GNB,Gaoneng 450mAh 6S,gnb-gaoneng-450mah-6s,80C,450,6S,LiPo,XT30,39x17x66mm,2.5,24.99,77.0,https://www.racedayquads.com/products/gaoneng-gnb-22-2v-6s-450mah-80c-lipo-micro-battery-long-type-xt30,
GNB,Gaoneng 530mAh 1S,gnb-gaoneng-530mah-1s,90C,530,1S,LiHV,A30,6.5x17.5x59mm,3.47,6.99,12.0,https://www.racedayquads.com/products/gaoneng-gnb-3-8v-1s-530mah-90c-lihv-whoop-micro-battery-a30,
GNB,Gaoneng 530mAh 2S,gnb-gaoneng-530mah-2s,90C,530,2S,LiHV,XT30,13x17x64mm,2.73,10.99,26.0,https://www.racedayquads.com/products/gaoneng-gnb-7-6v-2s-530mah-90c-lihv-micro-battery-long-type-xt30,
GNB,Gaoneng 550mAh 1S,gnb-gaoneng-550mah-1s,100C,550,1S,LiHV,A30,6x18x65mm,3.58,7.49,13.5,https://www.racedayquads.com/products/gaoneng-gnb-3-8v-1s-550mah-100c-lihv-whoop-micro-battery-w-plastic-head-a30,
GNB,Gaoneng 550mAh 3S,gnb-gaoneng-550mah-3s,100C,550,3S,LiHV,XT30,18x18x70mm,2.39,14.99,43.0,https://www.racedayquads.com/products/gaoneng-gnb-11-4v-3s-550mah-100c-lihv-micro-battery-long-type-xt30,
GNB,Gaoneng 550mAh 4S,gnb-gaoneng-550mah-4s,100C,550,4S,LiHV,XT30,24x18x71mm,2.33,19.49,56.0,https://www.racedayquads.com/products/gaoneng-gnb-15-2v-4s-550mah-100c-lipo-micro-battery-long-type-xt30,
GNB,Gaoneng 5C 5000mAh 2S,gnb-gaoneng-5c-5000mah-2s,10C,5000,2S,LiPo,XT60,20x53x81mm,0.73,26.99,178.0,https://www.racedayquads.com/products/gaoneng-7-4v-2s-5000mah-5c-lipo-battery-w-xt60,
GNB,Gaoneng 650mAh 2S,gnb-gaoneng-650mah-2s,120C,650,2S,LiHV,XT30,11x30x61mm,2.53,12.49,36.0,https://www.racedayquads.com/products/gaoneng-gnb-7-6v-2s-930mah-120c-lihv-micro-battery-xt30,
GNB,Gaoneng 650mAh 3S,gnb-gaoneng-650mah-3s,120C,650,3S,LiHV,XT30,16x30x63mm,2.23,16.49,53.0,https://www.racedayquads.com/products/gaoneng-gnb-11-4v-3s-930mah-120c-lihv-micro-battery-xt30,
GNB,Gaoneng 650mAh 4S,gnb-gaoneng-650mah-4s,120C,650,4S,LiHV,XT30,21x30x63mm,2.12,20.99,70.0,https://www.racedayquads.com/products/gaoneng-gnb-15-2v-4s-650mah-120c-lihv-micro-battery-xt30,
GNB,Gaoneng 660mAh 1S,gnb-gaoneng-660mah-1s,90C,660,1S,LiHV,A30,8x17.5x60mm,2.99,7.49,15.5,https://www.racedayquads.com/products/gaoneng-gnb-3-8v-1s-660mah-90c-lihv-whoop-micro-battery-w-plastic-head-a30,
GNB,Gaoneng 660mAh 2S,gnb-gaoneng-660mah-2s,90C,660,2S,LiHV,XT60,,2.49,12.49,34.0,https://www.racedayquads.com/products/gaoneng-gnb-7-6v-2s-660mah-90c-lihv-micro-battery-long-type-xt30,
GNB,Gaoneng 660mAh 3S,gnb-gaoneng-660mah-3s,90C,660,3S,LiHV,XT30,23.5x18x65mm,2.39,17.99,49.0,https://www.racedayquads.com/products/gaoneng-gnb-11-4v-3s-660mah-90c-lihv-micro-battery-long-type-xt30,
GNB,Gaoneng 660mAh 4S,gnb-gaoneng-660mah-4s,90C,660,4S,LiHV,XT30,31x18x65mm,2.04,20.49,63.0,https://www.racedayquads.com/products/gaoneng-gnb-15-2v-4s-660mah-90c-lihv-micro-battery-long-type-xt30,
GNB,Gaoneng 660mAh 6S,gnb-gaoneng-660mah-6s,90C,660,6S,LiHV,XT30,47x18x65mm,2.09,31.49,94.0,https://www.racedayquads.com/products/gaoneng-gnb-22-8v-6s-660mah-90c-lihv-micro-battery-long-type-xt30,
GNB,Gaoneng 720mAh 1S,gnb-gaoneng-720mah-1s,100C,720,1S,LiHV,A30,7.5x18x65mm,3.29,8.99,16.0,https://www.racedayquads.com/products/gaoneng-gnb-3-8v-1s-720mah-100c-lihv-whoop-micro-battery-w-plastic-head-a30,
GNB,Gaoneng 720mAh 2S,gnb-gaoneng-720mah-2s,100C,720,2S,LiHV,XT30,14.5x18x70mm,2.1,11.49,36.0,https://www.racedayquads.com/products/gaoneng-gnb-7-6v-2s-720mah-100c-lihv-micro-battery-long-type-xt30,
GNB,Gaoneng 720mAh 3S,gnb-gaoneng-720mah-3s,100C,720,3S,LiHV,XT30,22x18x71mm,2.07,16.99,54.0,https://www.racedayquads.com/products/gaoneng-gnb-11-4v-3s-720mah-100c-lihv-micro-battery-long-type-xt30,
GNB,Gaoneng 720mAh 4S,gnb-gaoneng-720mah-4s,100C,720,4S,LiHV,XT30,,1.92,20.99,72.0,https://www.racedayquads.com/products/gaoneng-14-8v-4s-720mah-100c-lihv-battery-xt30,
GNB,Gaoneng 720mAh 6S,gnb-gaoneng-720mah-6s,100C,720,6S,LiHV,XT30,44x8x72mm,1.98,32.49,106.0,https://www.racedayquads.com/products/gaoneng-gnb-22-8v-6s-720mah-100c-lihv-micro-battery-long-type-xt30,
GNB,Gaoneng 850mAh 2S,gnb-gaoneng-850mah-2s,60C,850,2S,LiHV,XT30,18x18x70mm,1.93,12.49,38.0,https://www.racedayquads.com/products/gaoneng-gnb-7-6v-2s-850mah-60c-lihv-micro-battery-long-type-xt30,
GNB,Gaoneng 850mAh 3S,gnb-gaoneng-850mah-3s,60C,850,3S,LiHV,XT30,24x18x71mm,1.75,16.99,52.0,https://www.racedayquads.com/products/gaoneng-gnb-11-4v-3s-720mah-60c-lihv-micro-battery-long-type-xt30,
GNB,Gaoneng 850mAh 4S,gnb-gaoneng-850mah-4s,120C,850,4S,LiHV,XT30,26.5x30x63mm,1.7,21.99,88.0,https://www.racedayquads.com/products/gaoneng-gnb-11-4v-3s-850mah-120c-lihv-micro-battery-xt30-1,
GNB,Gaoneng 850mAh 6S,gnb-gaoneng-850mah-6s,120C,850,6S,LiHV,XT30,40x30x64mm,1.78,34.49,130.0,https://www.racedayquads.com/products/gaoneng-gnb-22-8v-6s-850mah-120c-lihv-micro-battery-xt30,
GNB,Gaoneng 930mAh 4S,gnb-gaoneng-930mah-4s,120C,930,4S,LiPo,XT30,30x30x65mm,1.74,23.99,100.0,https://www.racedayquads.com/products/gaoneng-gnb-14-8v-4s-930mah-120c-lipo-micro-battery-xt30,
GNB,Gaoneng 930mAh 6S,gnb-gaoneng-930mah-6s,120C,930,6S,LiPo,XT30,45x30x65mm,1.94,39.99,148.0,https://www.racedayquads.com/products/gaoneng-gnb-22-2v-6s-930mah-120c-lipo-micro-battery-xt30,
GNB,Gaoneng (Square Type) 650mAh 2S,gnb-gaoneng-square-type-650mah-2s,80C,650,2S,LiPo,XT30,14x28x62mm,2.39,11.49,44.0,https://www.racedayquads.com/products/gaoneng-gnb-7-4v-2s-650mah-80c-lipo-micro-battery-square-type-xt30,
GNB,Gaoneng (Square Type) 650mAh 4S,gnb-gaoneng-square-type-650mah-4s,80C,650,4S,LiPo,XT30,26x28x64mm,2.13,20.49,79.0,https://www.racedayquads.com/products/gaoneng-gnb-14-8v-4s-650mah-80c-lipo-micro-battery-square-type-xt30,
GNB,Gaoneng (Square Type) 650mAh 6S,gnb-gaoneng-square-type-650mah-6s,80C,650,6S,LiPo,XT30,39x28x65mm,2.11,30.49,118.0,https://www.racedayquads.com/products/gaoneng-gnb-22-2v-6s-650mah-80c-lipo-micro-battery-square-type-xt30,
GNB,Gaoneng (Square Type) 850mAh 3S,gnb-gaoneng-square-type-850mah-3s,80C,850,3S,LiPo,XT30,24x30x63mm,1.8,16.99,80.0,https://www.racedayquads.com/products/gaoneng-gnb-11-1v-3s-850mah-80c-lipo-micro-battery-square-type-xt30,
GNB,Gaoneng (Square Type) 850mAh 4S,gnb-gaoneng-square-type-850mah-4s,80C,850,4S,LiPo,XT30,31x30x64mm,1.75,21.99,102.0,https://www.racedayquads.com/products/gaoneng-gnb-14-8v-4s-850mah-80c-lipo-micro-battery-square-type-xt30,
GNB,Gaoneng (Square Type) 850mAh 6S,gnb-gaoneng-square-type-850mah-6s,80C,850,6S,LiPo,XT30,45x30x65mm,1.72,32.49,150.0,https://www.racedayquads.com/products/gaoneng-gnb-22-2v-6s-850mah-80c-lipo-micro-battery-square-type-xt30,
GNB,Gaoneng / w 450mAh 1S,gnb-gaoneng-w-450mah-1s,80C,450,1S,LiHV,PH2.0,,3.5,5.99,13.3,https://www.racedayquads.com/products/gaoneng-3-8v-1s-450mah-80c-lihv-whoop-micro-battery-w-ph2-0,
GNB,Gaoneng w 450mAh 2S,gnb-gaoneng-w-450mah-2s,80C,450,2S,LiPo,XT30,14x17x61mm,3.0,9.99,28.0,https://www.racedayquads.com/products/gaoneng-7-4v-2s-450mah-80c-lipo-whoop-micro-battery-w-xt30,
GNB,Gaoneng / w 550mAh 1S,gnb-gaoneng-w-550mah-1s,100C,550,1S,LiHV,PH2.0,6x18x65mm,2.63,5.49,13.5,https://www.racedayquads.com/products/gaoneng-3-8v-1s-550mah-100c-lihv-whoop-micro-battery-w-ph2-0,
GNB,Gaoneng w 550mAh 2S,gnb-gaoneng-w-550mah-2s,100C,550,2S,LiHV,XT30,12x18x69mm,2.51,10.49,29.0,https://www.racedayquads.com/products/gaoneng-7-4v-2s-550mah-100c-lihv-micro-battery-w-xt30,
GNB,Gaoneng / w 660mAh 1S,gnb-gaoneng-w-660mah-1s,90C,660,1S,LiHV,PH2.0,"7.8
x18x5.8mm",2.79,6.99,15.0,https://www.racedayquads.com/products/gaoneng-3-8v-1s-660mah-90c-lihv-whoop-micro-battery-w-ph2-0,
GNB,Gaoneng / w/ Cabled 380mAh 1S,gnb-gaoneng-w-cabled-380mah-1s,90C,380,1S,LiHV,A30,6.7x17x50mm,4.15,5.99,10.0,https://www.racedayquads.com/products/gaoneng-gnb-3-8v-1s-380mah-90c-lihv-whoop-micro-battery-w-cabled-a30,
GNB,Gaoneng / w/ Cabled 450mAh 1S,gnb-gaoneng-w-cabled-450mah-1s,80C,450,1S,LiPo,PH2.0,6x17x59mm,3.0,4.99,12.0,https://www.racedayquads.com/products/gaoneng-gnb-3-7v-1s-450mah-80c-lipo-whoop-micro-battery-long-type-w-cabled-connector-ph2-0,
GNB,Gaoneng / w/ Cabled 530mAh 1S,gnb-gaoneng-w-cabled-530mah-1s,90C,530,1S,LiHV,PH2.0,6x17x60mm,3.22,6.49,12.0,https://www.racedayquads.com/products/gaoneng-gnb-3-8v-1s-530mah-90c-lihv-whoop-micro-battery-w-cabled-a30|https://www.racedayquads.com/products/gaoneng-gnb-3-8v-1s-530mah-90c-lihv-whoop-micro-battery-w-cabled-connector-ph2-0,
GNB,Gaoneng / w/ Cabled 550mAh 1S,gnb-gaoneng-w-cabled-550mah-1s,100C,550,1S,LiHV,A30,6x18x65mm,3.58,7.49,13.5,https://www.racedayquads.com/products/gaoneng-gnb-3-8v-1s-550mah-100c-lihv-whoop-micro-battery-w-cabled-a30,
GNB,Gaoneng / w/ Cabled 660mAh 1S,gnb-gaoneng-w-cabled-660mah-1s,90C,660,1S,LiHV,A30,"8x17.5x
66
mm",2.99,7.49,15.0,https://www.racedayquads.com/products/gaoneng-gnb-3-8v-1s-660mah-90c-lihv-whoop-micro-battery-w-cabled-a30,
GNB,Gaoneng / w/ Cabled 720mAh 1S,gnb-gaoneng-w-cabled-720mah-1s,100C,720,1S,LiHV,A30,7.5x18x66mm,2.92,7.99,18.5,https://www.racedayquads.com/products/gaoneng-gnb-3-8v-1s-720mah-100c-lihv-whoop-micro-battery-w-cabled-a30,
GNB,RDQ Series 1000mAh 6S,gnb-rdq-series-1000mah-6s,100C,1000,6S,LiHV,XT60,78x38x24mm,3.73,84.99,194.0,https://www.racedayquads.com/products/3-pack-of-rdq-series-22-2v-6s-1000mah-100c-lipo-battery-xt60,
GNB,RDQ Series 1300mAh 4S,gnb-rdq-series-1300mah-4s,100C,1300,4S,LiHV,XT60,34x35x78mm,3.87,76.49,164.0,https://www.racedayquads.com/products/rdq-series-14-8v-4s-1300mah-100c-lipo-battery-3-pack-xt60,
GNB,RDQ Series 1300mAh 6S,gnb-rdq-series-1300mah-6s,100C,1300,6S,LiPo,XT60,43x35x89mm,3.78,109.19,243.0,https://www.racedayquads.com/products/rdq-series-22-2v-6s-1300mah-100c-lipo-battery-3-pack-xt60,
GNB,RDQ Series 1500mAh 4S,gnb-rdq-series-1500mah-4s,100C,1500,4S,LiHV,XT60,33.2x38.8x77.5mm,2.15,48.99,187.0,https://www.racedayquads.com/products/rdq-series-14-8v-4s-1500mah-100c-lipo-battery-3-pack-xt60,
GNB,RDQ Series 2200mAh 5S,gnb-rdq-series-2200mah-5s,80C,2200,5S,LiPo,XT60,42.5 x 34.5 x 107.5mm,3.5,142.29,318.0,https://www.racedayquads.com/products/3-pack-of-rdq-series-18-5v-5s-2200mah-80c-long-range-lipo-battery-xt60,
GNB,RDQ Series 450mAh 1S,gnb-rdq-series-450mah-1s,80C,450,1S,LiHV,PH2.0,62x17x6.9mm,13.39,22.89,10.0,https://www.racedayquads.com/products/rdq-series-3-8v-1s-450mah-80c-lihv-whoop-micro-battery-for-tinyhawk-5-pack-ph2-0,
GNB,RDQ Series 550mAh 1S,gnb-rdq-series-550mah-1s,90C,550,1S,LiPo,A30,,2.94,5.99,13.6,https://www.racedayquads.com/products/rdq-series-3-7v-1s-550mah-90c-lipo-whoop-micro-battery-w-plastic-head-a30,
GNB,RDQ Series 650mAh 4S,gnb-rdq-series-650mah-4s,80C,650,4S,LiPo,XT30,26x28x59mm,5.07,48.79,30.0,https://www.racedayquads.com/products/3-pack-of-rdq-series-14-8v-4s-650mah-80c-lipo-micro-battery-xt30,
GNB,RDQ Series 720mAh 6S,gnb-rdq-series-720mah-6s,100C,720,6S,LiHV,XT30,74x44x18.5mm,2.65,43.56,103.0,https://www.racedayquads.com/products/3-pack-of-rdq-series-22-8v-6s-720mah-100c-lihv-whoop-micro-battery-xt30,
GNB,RDQ Series 850mAh 4S,gnb-rdq-series-850mah-4s,75C,850,4S,LiPo,XT60,25x31x59mm,5.03,63.29,60.0,https://www.racedayquads.com/products/3-pack-of-rdq-series-14-8v-4s-850mah-75c-lipo-micro-battery-xt60,
GNB,RDQ Series / - Cabled 550mAh 1S,gnb-rdq-series-cabled-550mah-1s,100C,550,1S,LiHV,A30,,2.87,5.99,13.6,https://www.racedayquads.com/products/rdq-series-3-8v-1s-550mah-100c-lihv-whoop-micro-battery-cabled-a30,
Happymodel,650mAh 1S,happymodel-650mah-1s,60C,650,1S,LiHV,PH2.0,60x18x8mm,2.83,6.99,16.0,https://www.racedayquads.com/products/happymodel-3-8v-1s-650mah-60c-lihv-micro-battery-ph2-0,
iFlight,Defender 25 550mAh 4S,iflight-defender-25-550mah-4s,60C,550,4S,LiPo,XT30,105x35x31.5mm,3.32,26.99,70.0,https://www.racedayquads.com/products/iflight-defender-25-4s-550mah-battery,
LUMENIER,10000mAh 4S,lumenier-10000mah-4s,25C,10000,4S,LiPo,XT60,,1.28,188.99,845.0,https://www.racedayquads.com/products/lumenier-10000mah-4s-25c-lipo-battery,
LUMENIER,10000mAh 6S,lumenier-10000mah-6s,25C,10000,6S,LiPo,XT90,,1.13,251.49,1245.0,https://www.racedayquads.com/products/lumenier-10000mah-6s-25c-lipo-battery-xt90,
LUMENIER,() 1000mAh 3S,lumenier-1000mah-3s,60C,1000,3S,LiPo,XT60,,2.57,28.49,100.0,https://www.racedayquads.com/products/lumenier-1000mah-3s-60c-lipo-battery-xt60,
LUMENIER,11.1 V 700mAh 3S,lumenier-11-1-v-700mah-3s,75C,700,3S,LiPo,XT30,,3.34,25.99,64.0,https://www.racedayquads.com/products/lumenier-11-1-v-3s-700mah-75c-lipo-battery-xt30,
LUMENIER,12000mAh 4S,lumenier-12000mah-4s,20C,12000,4S,LiPo,XT60,,1.22,217.49,940.0,https://www.racedayquads.com/products/lumenier-12000mah-4s-20c-lipo-battery,
LUMENIER,13000mAh 6S,lumenier-13000mah-6s,20C,13000,6S,LiPo,XT90,,1.03,295.99,940.0,https://www.racedayquads.com/products/lumenier-13000mah-6s-20c-lipo-battery-xt90,
LUMENIER,() 1300mAh 3S,lumenier-1300mah-3s,60C,1300,3S,LiPo,XT60,,1.87,26.99,118.0,https://www.racedayquads.com/products/lumenier-1300mah-3s-60c-lipo-battery-xt60,
LUMENIER,() 1300mAh 4S,lumenier-1300mah-4s,35C,1300,4S,LiPo,XT60,,1.48,28.49,135.0,https://www.racedayquads.com/products/lumenier-1300mah-4s-35c-lipo-battery-xt60,
LUMENIER,1300mAh 6S,lumenier-1300mah-6s,95C,1300,6S,LiPo,XT60,,2.03,58.49,241.0,https://www.racedayquads.com/products/lumenier-1300mah-6s-95c-lipo-battery,
LUMENIER,1500mAh 3S,lumenier-1500mah-3s,45C,1500,3S,LiPo,XT60,,2.04,33.99,125.0,https://www.racedayquads.com/products/lumenier-1500mah-3s-45c-lipo-battery,
LUMENIER,() 1500mAh 4S,lumenier-1500mah-4s,95C,1500,4S,LiPo,XT60,,1.82,40.49,192.0,https://www.racedayquads.com/products/lumenier-1500mah-4s-95c-lipo-battery-xt60,
LUMENIER,1500mAh 6S,lumenier-1500mah-6s,35C,1500,6S,LiPo,XT60,,1.62,53.99,229.0,https://www.racedayquads.com/products/lumenier-1500mah-6s-35c-lipo-battery,
LUMENIER,16000mAh 4S,lumenier-16000mah-4s,20C,16000,4S,LiPo,XT90,,1.12,264.99,1190.0,https://www.racedayquads.com/products/lumenier-16000mah-4s-20c-lipo-battery-xt90,
LUMENIER,1800mAh 3S,lumenier-1800mah-3s,35C,1800,3S,LiPo,XT60,,1.58,31.49,140.0,https://www.racedayquads.com/products/lumenier-1800mah-3s-35c-lipo-battery,
LUMENIER,1800mAh 4S,lumenier-1800mah-4s,75C,1800,4S,LiPo,XT60,,1.48,39.49,228.0,https://www.racedayquads.com/products/lumenier-1800mah-4s-75c-lipo-battery,
LUMENIER,2250mAh 3S,lumenier-2250mah-3s,35C,2250,3S,LiPo,XT60,,1.36,33.99,170.0,https://www.racedayquads.com/products/lumenier-2250mah-3s-35c-lipo-battery,
LUMENIER,2250mAh 4S,lumenier-2250mah-4s,35C,2250,4S,LiPo,XT60,,1.43,47.49,219.0,https://www.racedayquads.com/products/lumenier-2250mah-4s-35c-lipo-battery,
LUMENIER,3300mAh 3S,lumenier-3300mah-3s,35C,3300,3S,LiPo,XT60,,1.51,55.49,252.0,https://www.racedayquads.com/products/lumenier-3300mah-3s-35c-lipo-battery,
LUMENIER,3300mAh 4S,lumenier-3300mah-4s,35C,3300,4S,LiPo,XT60,,1.53,74.49,330.0,https://www.racedayquads.com/products/lumenier-3300mah-4s-35c-lipo-battery,
LUMENIER,4200mAh 4S,lumenier-4200mah-4s,35C,4200,4S,LiPo,XT60,,1.38,85.49,392.0,https://www.racedayquads.com/products/lumenier-4200mah-4s-35c-lipo-battery,
LUMENIER,500mAh 2S,lumenier-500mah-2s,50C,500,2S,LiPo,JST,,4.46,16.49,30.0,https://www.racedayquads.com/products/lumenier-500mah-2s-50c-lipo-battery,
LUMENIER,5200mAh 3S,lumenier-5200mah-3s,35C,5200,3S,LiPo,XT60,,1.36,78.49,392.0,https://www.racedayquads.com/products/lumenier-5200mah-3s-35c-lipo-battery,
LUMENIER,5200mAh 4S,lumenier-5200mah-4s,35C,5200,4S,LiPo,XT60,,1.21,93.49,473.0,https://www.racedayquads.com/products/lumenier-5200mah-4s-35c-lipo-battery,
LUMENIER,6000mAh 4S,lumenier-6000mah-4s,35C,6000,4S,LiPo,XT60,,1.98,175.49,540.0,https://www.racedayquads.com/products/lumenier-6000mah-4s-35c-lipo-battery-xt60,
LUMENIER,8000mAh 4S,lumenier-8000mah-4s,25C,8000,4S,LiPo,XT60,,1.31,155.49,735.0,https://www.racedayquads.com/products/lumenier-8000mah-4s-25c-lipo-battery,
LUMENIER,CineLifter 2900mAh 6S,lumenier-cinelifter-2900mah-6s,120C,2900,6S,LiPo,XT60,,2.18,140.49,485.0,https://www.racedayquads.com/products/lumenier-2900mah-6s-120c-cinelifter-lipo-battery-xt60,
LUMENIER,CineLifter 3500mAh 6S,lumenier-cinelifter-3500mah-6s,120C,3500,6S,LiPo,XT60,,2.0,155.49,580.0,https://www.racedayquads.com/products/lumenier-3500mah-6s-120c-cinelifter-lipo-battery-xt60,
LUMENIER,CineLifter 4000mAh 6S,lumenier-cinelifter-4000mah-6s,120C,4000,6S,LiPo,XT90,,2.03,179.99,655.0,https://www.racedayquads.com/products/lumenier-4000mah-6s-120c-cinelifter-lipo-battery-xt90,
LUMENIER,CineLifter 4500mAh 6S,lumenier-cinelifter-4500mah-6s,120C,4500,6S,LiPo,XT90,,2.03,202.49,745.0,https://www.racedayquads.com/products/lumenier-4500mah-6s-120c-cinelifter-lipo-battery-xt90,
LUMENIER,CineLifter 5200mAh 6S,lumenier-cinelifter-5200mah-6s,120C,5200,6S,LiPo,XT90,,1.88,217.49,810.0,https://www.racedayquads.com/products/lumenier-5200mah-6s-120c-cinelifter-lipo-battery-xt90,
LUMENIER,CineLifter - AS150 4500mAh 6S,lumenier-cinelifter-as150-4500mah-6s,120C,4500,6S,LiPo,AS150,,2.03,202.49,705.0,https://www.racedayquads.com/products/lumenier-4500mah-6s-120c-cinelifter-lipo-battery-as150,
LUMENIER,CineLifter - AS150 5200mAh 4S,lumenier-cinelifter-as150-5200mah-4s,120C,5200,4S,LiPo,AS150,,1.58,121.49,555.0,https://www.racedayquads.com/products/lumenier-5200mah-4s-120c-cinelifter-lipo-battery-as150,
LUMENIER,CineLifter - AS150 5200mAh 6S,lumenier-cinelifter-as150-5200mah-6s,120C,5200,6S,LiPo,AS150,,1.88,217.49,800.0,https://www.racedayquads.com/products/lumenier-5200mah-6s-120c-cinelifter-lipo-battery-as150,
LUMENIER,Graphene (XT-30) 700mAh 4S,lumenier-graphene-xt-30-700mah-4s,75C,700,4S,LiPo,XT30,,2.89,29.99,80.0,https://www.racedayquads.com/products/lumenier-graphene-700mah-4s-75c-lipo-battery-xt-30,
LUMENIER,HV 450mAh 2S,lumenier-hv-450mah-2s,80C,450,2S,LiHV,XT30,,4.38,14.99,30.49,https://www.racedayquads.com/products/lumenier-450mah-2s-80c-micro-hv-lipo-battery-xt30,
LUMENIER,HV 450mAh 3S,lumenier-hv-450mah-3s,80C,450,3S,LiHV,XT30,,3.51,17.99,45.62,https://www.racedayquads.com/products/lumenier-450mah-3s-80c-micro-hv-lipo-battery-xt30,
LUMENIER,HV 550mAh 2S,lumenier-hv-550mah-2s,90C,550,2S,LiHV,XT30,,3.94,16.49,30.9,https://www.racedayquads.com/products/lumenier-550mah-2s-90c-micro-hv-lipo-battery-xt30,
LUMENIER,HV JST-2.0PXH 550mAh 1S,lumenier-hv-jst-2-0pxh-550mah-1s,90C,550,1S,LiHV,JST-2,,6.45,13.49,13.87,https://www.racedayquads.com/products/lumenier-550mah-1s-90c-micro-hv-lipo-battery-jst-2-0pxh,
LUMENIER,HV (XT-30) 450mAh 4S,lumenier-hv-xt-30-450mah-4s,80C,450,4S,LiHV,XT30,,3.0,20.49,59.14,https://www.racedayquads.com/products/lumenier-450mah-4s-80c-micro-hv-lipo-battery-xt-30,
LUMENIER,(JST) 300mAh 2S,lumenier-jst-300mah-2s,75C,300,2S,LiPo,JST,,6.75,14.99,18.0,https://www.racedayquads.com/products/lumenier-300mah-2s-75c-lipo-battery-jst,
LUMENIER,N2O 1500mAh 6S,lumenier-n2o-1500mah-6s,120C,1500,6S,LiPo,XT90,,2.36,78.49,274.0,https://www.racedayquads.com/products/lumenier-n2o-1500mah-6s-120c-lipo-battery,
LUMENIER,N2O 3500mAh 4S,lumenier-n2o-3500mah-4s,120C,3500,4S,LiPo,XT90,,1.75,90.49,382.0,https://www.racedayquads.com/products/lumenier-n2o-3500mah-4s-120c-lipo-battery,
LUMENIER,N2O Extreme 1550mAh 4S,lumenier-n2o-extreme-1550mah-4s,150C,1550,4S,LiPo,XT60 (standard),,3.07,70.49,196.0,https://www.racedayquads.com/products/lumenier-n2o-extreme-1550mah-4s-150c-lipo-battery,
LUMENIER,N2O Extreme 1550mAh 5S,lumenier-n2o-extreme-1550mah-5s,150C,1550,5S,LiPo,XT60 (standard),,2.74,78.49,245.0,https://www.racedayquads.com/products/lumenier-n2o-extreme-1550mah-5s-150c-lipo-battery,
LUMENIER,N2O Extreme 1550mAh 6S,lumenier-n2o-extreme-1550mah-6s,150C,1550,6S,LiPo,XT60 (standard),,2.72,93.49,275.0,https://www.racedayquads.com/products/lumenier-n2o-extreme-1550mah-6s-150c-lipo-battery,
LUMENIER,N2O Extreme 1850mAh 4S,lumenier-n2o-extreme-1850mah-4s,150C,1850,4S,LiPo,XT60 (standard),,2.81,76.99,235.0,https://www.racedayquads.com/products/lumenier-n2o-extreme-1850mah-4s-150c-lipo-battery,
LUMENIER,N2O Extreme 1850mAh 6S,lumenier-n2o-extreme-1850mah-6s,150C,1850,6S,LiPo,XT60,,2.57,105.49,350.0,https://www.racedayquads.com/products/lumenier-n2o-extreme-1850mah-6s-150c-lipo-battery,
LUMENIER,N2O Feather-Lite - XT-30 750mAh 2S,lumenier-n2o-feather-lite-xt-30-750mah-2s,100C,750,2S,LiPo,XT30,,4.41,24.49,50.0,https://www.racedayquads.com/products/lumenier-n2o-feather-lite-750mah-2s-100c-lipo-battery-xt-30,
LUMENIER,N2O Feather-Lite - XT-30 750mAh 3S,lumenier-n2o-feather-lite-xt-30-750mah-3s,100C,750,3S,LiPo,XT30,,3.6,29.99,71.0,https://www.racedayquads.com/products/lumenier-n2o-feather-lite-750mah-3s-100c-lipo-battery-xt-30,
LUMENIER,N2O Feather-Lite - XT-30 750mAh 4S,lumenier-n2o-feather-lite-xt-30-750mah-4s,100C,750,4S,LiPo,XT30,,3.2,35.49,95.0,https://www.racedayquads.com/products/lumenier-n2o-feather-lite-750mah-4s-100c-lipo-battery-xt-30,
LUMENIER,N2O Feather-Lite - XT-30 750mAh 6S,lumenier-n2o-feather-lite-xt-30-750mah-6s,100C,750,6S,LiPo,XT30,,2.43,40.49,135.0,https://www.racedayquads.com/products/lumenier-n2o-feather-lite-750mah-6s-100c-lipo-battery-xt-30,
LUMENIER,N2O Feather-Lite (XT-60) 1300mAh 4S,lumenier-n2o-feather-lite-xt-60-1300mah-4s,150C,1300,4S,LiPo,XT60,,3.09,59.49,156.0,https://www.racedayquads.com/products/lumenier-n2o-feather-lite-1300mah-4s-150c-lipo-battery-xt-60,
LUMENIER,N2O Feather-Lite (XT-60) 1300mAh 6S,lumenier-n2o-feather-lite-xt-60-1300mah-6s,150C,1300,6S,LiPo,XT60,,2.67,76.99,225.0,https://www.racedayquads.com/products/lumenier-n2o-feather-lite-1300mah-6s-150c-lipo-battery-xt-60,
LUMENIER,N2O Feather-Lite - XT-60 1400mAh 4S,lumenier-n2o-feather-lite-xt-60-1400mah-4s,150C,1400,4S,LiPo,XT60,,3.14,64.99,155.0,https://www.racedayquads.com/products/lumenier-n2o-feather-lite-1400mah-4s-150c-lipo-battery-xt-60,
LUMENIER,N2O Feather-Lite - XT-60 1400mAh 6S,lumenier-n2o-feather-lite-xt-60-1400mah-6s,150C,1400,6S,LiPo,XT60,,2.61,80.99,212.0,https://www.racedayquads.com/products/lumenier-n2o-feather-lite-1400mah-6s-150c-lipo-battery-xt-60,
LUMENIER,N2O Feather-Lite (XT-60) 1550mAh 4S,lumenier-n2o-feather-lite-xt-60-1550mah-4s,150C,1550,4S,LiPo,XT60,,2.94,67.49,278.0,https://www.racedayquads.com/products/lumenier-n2o-feather-lite-1550mah-4s-150c-lipo-battery-xt-60,
LUMENIER,N2O Feather-Lite (XT-60) 1550mAh 6S,lumenier-n2o-feather-lite-xt-60-1550mah-6s,150C,1550,6S,LiPo,XT60,,2.63,90.49,265.0,https://www.racedayquads.com/products/lumenier-n2o-feather-lite-1550mah-6s-150c-lipo-battery-xt-60,
LUMENIER,N2O Feather-Lite (XT-60) 1600mAh 6S,lumenier-n2o-feather-lite-xt-60-1600mah-6s,130C,1600,6S,LiPo,XT60,,2.52,89.49,260.0,https://www.racedayquads.com/products/lumenier-n2o-feather-lite-1600mah-6s-130c-lipo-battery-xt-60,
LUMENIER,N2O (XT-30) 850mAh 6S,lumenier-n2o-xt-30-850mah-6s,120C,850,6S,LiPo,XT60,,3.23,60.99,159.0,https://www.racedayquads.com/products/lumenier-n2o-850mah-6s-120c-lipo-battery-xt-30,
LUMENIER,N2O (XT-60) 1500mAh 4S,lumenier-n2o-xt-60-1500mah-4s,120C,1500,4S,LiPo,XT60,,2.81,62.49,185.0,https://www.racedayquads.com/products/lumenier-n2o-1500mah-4s-120c-lipo-battery-xt-60,
LUMENIER,N2O (XT-60) 850mAh 6S,lumenier-n2o-xt-60-850mah-6s,120C,850,6S,LiPo,XT60,,3.31,62.49,165.0,https://www.racedayquads.com/products/lumenier-n2o-850mah-6s-120c-lipo-battery-xt-60,
LUMENIER,NAV 18650 6000mAh 6S,lumenier-nav-18650-6000mah-6s,10C,6000,6S,Li-ion,XT60,,1.46,188.99,635.0,https://www.racedayquads.com/products/lumenier-nav-22-2v-6s-18650-6000mah-10c-li-ion-battery-xt60,
LUMENIER,NAV Lithium-Ion 3000mAh 4S,lumenier-nav-lithium-ion-3000mah-4s,10C,3000,4S,LiPo,XT60,,1.52,67.49,205.0,https://www.racedayquads.com/products/lumenier-nav-3000mah-4s-lithium-ion-battery-xt60,
LUMENIER,NAV Lithium-Ion 3000mAh 6S,lumenier-nav-lithium-ion-3000mah-6s,10C,3000,6S,LiPo,XT60,,1.42,94.49,310.0,https://www.racedayquads.com/products/lumenier-nav-3000mah-6s-lithium-ion-battery-xt60,
LUMENIER,Silicon Graphene 1300mAh 6S,lumenier-silicon-graphene-1300mah-6s,95C,1300,6S,LiPo,XT60,,2.06,59.49,240.0,https://www.racedayquads.com/products/lumenier-silicon-graphene-1300mah-6s-95c-lipo-battery,
LUMENIER,Silicon Graphene 1500mAh 6S,lumenier-silicon-graphene-1500mah-6s,95C,1500,6S,LiPo,XT60,,2.12,70.49,278.0,https://www.racedayquads.com/products/lumenier-silicon-graphene-1500mah-6s-95c-lipo-battery,
LUMENIER,(XT-30) 300mAh 2S,lumenier-xt-30-300mah-2s,75C,300,2S,LiPo,XT30,,6.08,13.49,18.0,https://www.racedayquads.com/products/lumenier-300mah-2s-75c-lipo-battery-xt-30,
LUMENIER,(XT-30) 300mAh 3S,lumenier-xt-30-300mah-3s,75C,300,3S,LiPo,XT30,,4.95,16.49,26.0,https://www.racedayquads.com/products/lumenier-300mah-3s-75c-lipo-battery-xt-30,
LUMENIER,(XT-30) 300mAh 4S,lumenier-xt-30-300mah-4s,75C,300,4S,LiPo,XT30,,5.18,22.99,34.0,https://www.racedayquads.com/products/lumenier-300mah-4s-75c-lipo-battery-xt-30,
LUMENIER,(XT-30) 550mAh 2S,lumenier-xt-30-550mah-2s,80C,550,2S,LiPo,XT30,,3.68,14.99,28.0,https://www.racedayquads.com/products/lumenier-550mah-2s-80c-lipo-battery-xt-30,
LUMENIER,(XT-30) 550mAh 3S,lumenier-xt-30-550mah-3s,80C,550,3S,LiPo,XT30,,3.11,18.99,44.0,https://www.racedayquads.com/products/lumenier-550mah-3s-80c-lipo-battery-xt-30,
LUMENIER,(XT-30) 550mAh 4S,lumenier-xt-30-550mah-4s,80C,550,4S,LiPo,XT30,,3.01,24.49,59.0,https://www.racedayquads.com/products/lumenier-550mah-4s-80c-lipo-battery-xt-30,
LUMENIER,(XT-30) 850mAh 2S,lumenier-xt-30-850mah-2s,35C,850,2S,LiPo,XT30,,2.62,16.49,49.0,https://www.racedayquads.com/products/lumenier-850mah-2s-35c-lipo-battery-xt-30,
LUMENIER,(XT-30) 850mAh 3S,lumenier-xt-30-850mah-3s,35C,850,3S,LiPo,XT30,,2.17,20.49,71.0,https://www.racedayquads.com/products/lumenier-850mah-3s-35c-lipo-battery-xt-30,
LUMENIER,(XT-30) 850mAh 4S,lumenier-xt-30-850mah-4s,75C,850,4S,LiPo,XT60,,2.5,31.49,101.0,https://www.racedayquads.com/products/lumenier-850mah-4s-75c-lipo-battery-xt-30,
NewBeeDrone,Nitro Nectar HV - NX69 550mAh 1S,newbeedrone-nitro-nectar-hv-nx69-550mah-1s,80C,550,1S,LiHV,BT2.0,,5.5,11.49,14.3,https://www.racedayquads.com/products/newbeedrone-nitro-nectar-550mah-1s-80c-hv-lipo-battery-2pcs-nx69,
RaceDayQuads,CNHL Black Series 1500mAh 6S,racedayquads-cnhl-black-series-1500mah-6s,100C,1500,6S,LiPo,XT60,53x33x75mm,3.24,107.99,254.0,https://www.racedayquads.com/products/3-pack-of-cnhl-black-series-22-2v-6s-1500mah-100c-lipo-battery-xt60-1,
RDQ,RDQ Series 1000mAh 6S,rdq-rdq-series-1000mah-6s,100C,1000,6S,LiHV,XT60,78x38x24mm,1.69,38.49,185.0,https://www.racedayquads.com/products/rdq-series-22-2v-6s-1000mah-100c-lipo-battery-xt60,
RDQ,RDQ Series 1100mAh 3S,rdq-rdq-series-1100mah-3s,60C,1100,3S,LiHV,XT30,,1.51,18.99,69.0,https://www.racedayquads.com/products/rdq-series-11-4v-3s-1100mah-60c-lipo-battery-xt30,
RDQ,RDQ Series 1300mAh 4S,rdq-rdq-series-1300mah-4s,120C,1300,4S,LiHV,XT60,24x38x80mm,1.77,34.99,132.0,https://www.racedayquads.com/products/rdq-series-15-2v-4s-1300mah-120c-lihv-battery-xt60,
RDQ,RDQ Series 1300mAh 6S,rdq-rdq-series-1300mah-6s,120C,1300,6S,LiHV,XT60,34x38x80mm,1.72,50.99,193.0,https://www.racedayquads.com/products/rdq-series-22-8v-6s-1300mah-120c-lihv-battery-xt60,
RDQ,RDQ Series 1500mAh 4S,rdq-rdq-series-1500mah-4s,120C,1500,4S,LiHV,XT60,36x38x79mm,1.56,35.49,151.0,https://www.racedayquads.com/products/rdq-series-14-8v-4s-1500mah-100c-lipo-battery-xt60|https://www.racedayquads.com/products/rdq-series-15-2v-4s-1500mah-120c-lihv-battery-xt60,
RDQ,RDQ Series 1500mAh 6S,rdq-rdq-series-1500mah-6s,120C,1500,6S,LiHV,XT60,38x38x79mm,1.55,52.99,218.0,https://www.racedayquads.com/products/rdq-series-22-2v-6s-1500mah-120c-lipo-battery-xt60,
RDQ,RDQ Series 1800mAh 6S,rdq-rdq-series-1800mah-6s,100C,1800,6S,LiHV,XT60,90x58x34mm,1.49,60.99,310.0,https://www.racedayquads.com/products/rdq-series-22-2v-6s-1800mah-100c-lipo-battery-xt60,
RDQ,RDQ Series 2200mAh 4S,rdq-rdq-series-2200mah-4s,80C,2200,4S,LiPo,XT60,,1.54,49.99,245.0,https://www.racedayquads.com/products/rdq-series-14-8v-4s-2200mah-100c-lipo-battery-xt60,
RDQ,RDQ Series 2200mAh 5S,rdq-rdq-series-2200mah-5s,80C,2200,5S,LiPo,XT60,,1.54,62.49,318.0,https://www.racedayquads.com/products/rdq-series-2200mah-5s-80c-fpv-drone-battery-xt60,
RDQ,RDQ Series 2800mAh 3S,rdq-rdq-series-2800mah-3s,100C,2800,3S,LiPo,XT60,79x23x34mm,1.17,36.49,212.5,https://www.racedayquads.com/products/rdq-series-11-1v-3s-2800mah-100c-lipo-battery-xt60,
RDQ,RDQ Series 2800mAh 4S,rdq-rdq-series-2800mah-4s,100C,2800,4S,LiPo,XT60,107x33x46mm,1.33,54.99,270.0,https://www.racedayquads.com/products/rdq-series-11-1v-4s-2800mah-100c-lipo-battery-xt60,
RDQ,RDQ Series 2800mAh 6S,rdq-rdq-series-2800mah-6s,100C,2800,6S,LiPo,XT60,113x55x35mm,1.37,84.99,400.0,https://www.racedayquads.com/products/rdq-series-11-1v-6s-2800mah-100c-lipo-battery-xt60,
RDQ,RDQ Series 300mAh 2S,rdq-rdq-series-300mah-2s,50C,300,2S,LiHV,XT30,45x17x14mm,3.29,7.49,15.8,https://www.racedayquads.com/products/rdq-series-7-6v-2s-300mah-50c-lihv-micro-battery-for-tinyhawk-s-ph2-0,
RDQ,RDQ Series 300mAh 4S,rdq-rdq-series-300mah-4s,80C,300,4S,LiHV,XT30,22x27x60mm,3.18,14.49,35.5,https://www.racedayquads.com/products/rdq-series-15-2v-4s-300mah-80c-lihv-battery-long-type-xt30,
RDQ,RDQ Series 350mAh 2S,rdq-rdq-series-350mah-2s,70C,350,2S,LiHV,PH2.0,,3.19,8.49,16.4,https://www.racedayquads.com/products/rdq-series-7-6v-2s-350mah-70c-lihv-battery-ph2-0,
RDQ,RDQ Series 350mAh 3S,rdq-rdq-series-350mah-3s,50C,350,3S,LiHV,XT30,52x20.2x17.3mm,3.63,14.49,28.4,https://www.racedayquads.com/products/rdq-series-11-4v-3s-350mah-50c-lihv-micro-battery-xt30,
RDQ,RDQ Series 380mAh 3S,rdq-rdq-series-380mah-3s,60C,380,3S,LiHV,XT30,,3.46,14.99,26.3,https://www.racedayquads.com/products/rdq-series-11-4v-3s-380mah-60c-lihv-micro-battery-xt30,
RDQ,RDQ Series 380mAh 4S,rdq-rdq-series-380mah-4s,90C,380,4S,LiHV,XT30,17x27x54mm,2.6,14.99,39.7,https://www.racedayquads.com/products/rdq-series-15-2v-4s-380mah-90c-lihv-battery-long-type-xt30,
RDQ,RDQ Series 4500mAh 2S,rdq-rdq-series-4500mah-2s,70C,4500,2S,LiHV,XT60,13x44x137mm,1.17,39.99,180.0,https://www.racedayquads.com/products/rdq-series-7-6v-2s-4500mah-70c-lihv-battery-xt60,
RDQ,RDQ Series 450mAh 1S,rdq-rdq-series-450mah-1s,80C,450,1S,LiHV,PH2.0,62x17x6.9mm,3.5,5.99,10.0,https://www.racedayquads.com/products/rdq-450mah-1s-70c-lipo-battery,
RDQ,RDQ Series 450mAh 2S,rdq-rdq-series-450mah-2s,70C,450,2S,LiPo,XT30,"60.7x13.5x16.5

mm",3.45,11.49,28.9,https://www.racedayquads.com/products/rdq-series-450mah-2s-fpv-battery-70c-xt30-long-type,
RDQ,RDQ Series 450mAh 3S,rdq-rdq-series-450mah-3s,80C,450,3S,LiPo,XT30,,2.5,12.49,47.0,https://www.racedayquads.com/products/rdq-450mah-3s-fpv-battery-for-2-and-3-quads-80c,
RDQ,RDQ Series 450mAh 6S,rdq-rdq-series-450mah-6s,80C,450,6S,LiHV,XT30,22x44x72mm,2.39,24.49,74.0,https://www.racedayquads.com/products/rdq-series-22-8v-6s-450mah-80c-lihv-battery-long-type-xt30,
RDQ,RDQ Series 50 350mAh 2S,rdq-rdq-series-50-350mah-2s,100C,350,2S,LiHV,XT30,51.2x13.1x17.7MM,3.19,8.49,20.45,https://www.racedayquads.com/products/rdq-series-350mah-2s-50c-100c-7-6v-hv-fpv-micro-battery-xt30,
RDQ,RDQ Series 525mAh 1S,rdq-rdq-series-525mah-1s,80C,525,1S,LiHV,PH2.0,65x17x6.7mm,3.75,7.49,13.0,https://www.racedayquads.com/products/rdq-series-525mah-1s-80c-hv-ph2-0-lipo-battery-for-emax-tinyhawk,
RDQ,RDQ Series 525mAh 2S,rdq-rdq-series-525mah-2s,80C,525,2S,LiHV,XT30,"68.2

x17.2x13.9mm",2.75,10.99,29.05,https://www.racedayquads.com/products/rdq-series-525mah-2s-80c-7-6v-hv-fpv-micro-battery-xt30,
RDQ,RDQ Series 525mAh 3S,rdq-rdq-series-525mah-3s,80C,525,3S,LiHV,XT30,,2.67,15.99,42.0,https://www.racedayquads.com/products/rdq-series-525mah-3s-fpv-battery-for-2-and-3-quads-80c-xt30,
RDQ,RDQ Series 525mAh 4S,rdq-rdq-series-525mah-4s,80C,525,4S,LiHV,XT30,,2.13,16.99,54.82,https://www.racedayquads.com/products/rdq-series-525mah-4s-80c-fpv-drone-battery-xt30,
RDQ,RDQ Series 5500mAh 4S,rdq-rdq-series-5500mah-4s,70C,5500,4S,LiPo,XT60,36x44x139mm,0.86,69.99,445.0,https://www.racedayquads.com/products/rdq-series-14-8v-4s-5500mah-14-8v-70c-lipo-xt60,
RDQ,RDQ Series 550mAh 2S,rdq-rdq-series-550mah-2s,100C,550,2S,LiHV,XT30,12x18x69mm,2.75,11.49,30.0,https://www.racedayquads.com/products/rdq-series-7-6v-2s-550mah-100c-lihv-battery-xt30,
RDQ,RDQ Series 550mAh 3S,rdq-rdq-series-550mah-3s,90C,550,3S,LiPo,XT30,18x18x72mm,2.46,14.99,43.0,https://www.racedayquads.com/products/rdq-series-11-1v-3s-550mah-90c-lipo-battery-xt30,
RDQ,RDQ Series 550mAh 4S,rdq-rdq-series-550mah-4s,90C,550,4S,LiPo,XT30,24x18x73mm,2.52,20.49,56.0,https://www.racedayquads.com/products/rdq-series-14-8v-4s-550mah-90c-lipo-battery-xt30,
RDQ,RDQ Series 550mAh 6S,rdq-rdq-series-550mah-6s,90C,550,6S,LiPo,XT30,36x18x73mm,2.21,26.99,83.0,https://www.racedayquads.com/products/rdq-series-22-2v-6s-550mah-90c-lipo-battery-xt30,
RDQ,RDQ Series 6000mAh 6S,rdq-rdq-series-6000mah-6s,100C,6000,6S,LiPo,XT90,,1.01,134.99,832.0,https://www.racedayquads.com/products/rdq-series-22-2v-6s-6000mah-100c-lipo-battery-xt150,
RDQ,RDQ Series 6500mAh 6S,rdq-rdq-series-6500mah-6s,70C,6500,6S,LiHV,XT90,52x44x141mm,1.14,168.99,702.0,https://www.racedayquads.com/products/rdq-series-22-8v-6s-6500mah-70c-lihv-battery-xt90,
RDQ,RDQ Series 650mAh 1S,rdq-rdq-series-650mah-1s,60C,650,1S,LiHV,PH2.0,58x18x8mm,3.44,8.49,14.5,https://www.racedayquads.com/products/rdq-series-3-8v-1s-650mah-60c-lihv-battery-ph2-0,
RDQ,RDQ Series 650mAh 2S,rdq-rdq-series-650mah-2s,60C,650,2S,LiHV,XT30,63x17x16mm,2.02,9.99,31.6,https://www.racedayquads.com/products/rdq-series-7-6v-2s-650mah-60c-lihv-battery-xt30,
RDQ,RDQ Series 650mAh 3S,rdq-rdq-series-650mah-3s,120C,650,3S,LiPo,XT30,16x30x63mm,2.49,17.99,58.0,https://www.racedayquads.com/products/rdq-series-11-4v-3s-650mah-120c-lipo-battery-xt30,
RDQ,RDQ Series 650mAh 4S,rdq-rdq-series-650mah-4s,60C,650,4S,LiHV,XT30,63x31x18mm,2.28,22.49,60.6,https://www.racedayquads.com/products/rdq-series-15-2v-4s-650mah-60c-lihv-battery-xt30|https://www.racedayquads.com/products/rdq-series-650mah-4s-80c-fpv-drone-battery-xt30,
RDQ,RDQ Series 650mAh 5S,rdq-rdq-series-650mah-5s,120C,650,5S,LiHV,XT30,27x30x64mm,2.19,26.99,93.0,https://www.racedayquads.com/products/rdq-series-19v-5s-650mah-120c-lihv-battery-xt30,
RDQ,RDQ Series 650mAh 6S,rdq-rdq-series-650mah-6s,120C,650,6S,LiHV,XT30,31x30x64mm,2.16,31.99,100.0,https://www.racedayquads.com/products/rdq-series-22-8v-6s-650mah-120c-lihv-micro-battery-xt30,
RDQ,RDQ Series 660mAh 1S,rdq-rdq-series-660mah-1s,90C,660,1S,LiHV,PH2.0,,3.58,8.99,15.5,https://www.racedayquads.com/products/rdq-series-3-8v-1s-660mah-90c-lihv-whoop-micro-battery-ph2-0,
RDQ,RDQ Series 660mAh 2S,rdq-rdq-series-660mah-2s,90C,660,2S,LiHV,XT30,"63

x

18

x15.5

mm",2.49,12.49,33.0,https://www.racedayquads.com/products/rdq-series-7-4v-2s-660mah-90c-lihv-battery-xt30,
RDQ,RDQ Series 660mAh 3S,rdq-rdq-series-660mah-3s,90C,660,3S,LiHV,XT30,"65

x23.5

x18

mm",1.99,14.99,50.5,https://www.racedayquads.com/products/rdq-series-11-4v-3s-660mah-90c-lihv-battery-xt30,
RDQ,RDQ Series 660mAh 4S,rdq-rdq-series-660mah-4s,90C,660,4S,LiHV,XT30,"65

x31

x18

mm",2.04,20.49,65.0,https://www.racedayquads.com/products/rdq-series-15-2v-4s-660mah-90c-lihv-battery-xt30,
RDQ,RDQ Series 720mAh 1S,rdq-rdq-series-720mah-1s,100C,720,1S,LiHV,PH2.0,65.5x18x7.5mm,3.47,9.49,17.0,https://www.racedayquads.com/products/rdq-series-3-8v-1s-720mah-100c-lihv-whoop-micro-battery-ph2-0,
RDQ,RDQ Series 720mAh 2S,rdq-rdq-series-720mah-2s,100C,720,2S,LiHV,XT30,71x18x15mm,2.37,12.99,36.5,https://www.racedayquads.com/products/rdq-series-7-6v-2s-720mah-100c-lihv-whoopmicro-battery-xt30,
RDQ,RDQ Series 720mAh 3S,rdq-rdq-series-720mah-3s,100C,720,3S,LiHV,XT30,73x22.5x19mm,2.25,18.49,53.0,https://www.racedayquads.com/products/rdq-series-11-4v-3s-720mah-100c-lihv-whoopmicro-battery-xt30,
RDQ,RDQ Series 720mAh 4S,rdq-rdq-series-720mah-4s,100C,720,4S,LiHV,XT30,72.5x30x18.5mm,1.87,20.49,71.0,https://www.racedayquads.com/products/rdq-series-15-2v-4s-720mah-100c-lihv-whoop-micro-battery-xt30,
RDQ,RDQ Series 720mAh 6S,rdq-rdq-series-720mah-6s,100C,720,6S,LiHV,XT30,74x44x18.5mm,1.98,32.49,103.0,https://www.racedayquads.com/products/rdq-series-22-8v-6s-720mah-100c-lihv-whoop-micro-battery-xt30,
RDQ,RDQ Series 850mAh 1S,rdq-rdq-series-850mah-1s,60C,850,1S,LiHV,PH2.0,67x18x7.5mm,3.25,10.49,16.6,https://www.racedayquads.com/products/rdq-series-3-8v-1s-850mah-60c-lihv-whoop-micro-battery-ph2-0,
RDQ,RDQ Series 850mAh 2S,rdq-rdq-series-850mah-2s,60C,850,2S,LiHV,XT30,70x18.5x15mm,2.09,13.49,37.0,https://www.racedayquads.com/products/rdq-series-7-6v-2s-850mah-60c-lihv-whoop-micro-battery-long-type-xt30,
RDQ,RDQ Series 850mAh 3S,rdq-rdq-series-850mah-3s,60C,850,3S,LiHV,XT30,,2.06,19.99,54.5,https://www.racedayquads.com/products/rdq-series-11-4v-3s-850mah-60c-lihv-whoop-micro-battery-long-type-xt30,
RDQ,RDQ Series 850mAh 4S,rdq-rdq-series-850mah-4s,60C,850,4S,LiHV,XT30,73x30x19mm,1.82,23.49,70.5,https://www.racedayquads.com/products/rdq-series-15-2v-4s-850mah-60c-lihv-whoop-micro-battery-long-type-xt30,
RDQ,RDQ Series - Anti Spark 6000mAh 6S,rdq-rdq-series-anti-spark-6000mah-6s,100C,6000,6S,LiPo,XT90,,1.01,134.99,842.0,https://www.racedayquads.com/products/rdq-series-22-2v-6s-6000mah-100c-lipo-battery-xt90-anti-spark,
RDQ,RDQ Series FPV Wing or Drone 2200mAh 3S,rdq-rdq-series-fpv-wing-or-drone-2200mah-3s,80C,2200,3S,LiPo,XT60,,1.47,35.99,195.65,https://www.racedayquads.com/products/rdq-series-2200mah-3s-75c-fpv-drone-battery-xt60,
RDQ,RDQ Series - or 850mAh 4S,rdq-rdq-series-or-850mah-4s,75C,850,4S,LiPo,XT60,25x31x59mm,2.11,26.49,30.0,https://www.racedayquads.com/products/rdq-series-850mah-4s-75c-fpv-drone-battery-xt30-or-xt60,
RDQ,RDQ Series / - Plastic Head 550mAh 1S,rdq-rdq-series-plastic-head-550mah-1s,100C,550,1S,LiHV,GNB27,65x18.2x6.2mm,3.34,6.99,13.0,https://www.racedayquads.com/products/rdq-series-3-8v-1s-550mah-100c-lihv-whoop-micro-battery-gnb27-plastic-head,
RDQ,RDQ Series (Square Type) 650mAh 3S,rdq-rdq-series-square-type-650mah-3s,80C,650,3S,LiPo,XT30,20x28x64mm,2.15,15.49,62.0,https://www.racedayquads.com/products/rdq-series-11-1v-3s-650mah-80c-lipo-micro-battery-square-type-xt30,
Tattu,1300mAh 3S,tattu-1300mah-3s,75C,1300,3S,LiPo,XT60,,1.87,26.99,122.0,https://www.racedayquads.com/products/tattu-11-1v-3s-1300mah-75c-lipo-micro-battery-xt60,
Tattu,450mAh 2S,tattu-450mah-2s,95C,450,2S,LiHV,XT30,62.5x16.2x14.7mm,3.65,12.49,29.0,https://www.racedayquads.com/products/tattu-7-6v-2s-450mah-95c-lihv-micro-battery-long-type-xt30,
Tattu,450mAh 3S,tattu-450mah-3s,75C,450,3S,LiPo,XT30,,3.6,17.99,45.0,https://www.racedayquads.com/products/tattu-450mah-3s-75c-lipo-battery-xt30-long-type,
Tattu,450mAh 4S,tattu-450mah-4s,75C,450,4S,LiPo,XT30,,3.08,20.49,58.0,https://www.racedayquads.com/products/tattu-450mah-4s-75c-lipo-battery-pack-with-xt30-plug,
Tattu,550mAh 6S,tattu-550mah-6s,95C,550,6S,LiPo,XT30,,2.58,31.49,86.0,https://www.racedayquads.com/products/tattu-550mah-22-2v-95c-6s1p-lipo-xt30,
Tattu,650mAh 4S,tattu-650mah-4s,95C,650,4S,LiPo,XT30,,2.39,22.99,82.0,https://www.racedayquads.com/products/tattu-14-8v-4s1-650mah-95c-lipo-micro-battery-xt30,
Tattu,850mAh 3S,tattu-850mah-3s,75C,850,3S,LiPo,XT30,60x30x23mm,2.17,20.49,80.0,https://www.racedayquads.com/products/tattu-11-1v-3s-850mah-75c-lipo-micro-battery-xt30,
Tattu,850mAh 4S,tattu-850mah-4s,75C,850,4S,LiPo,XT30,,1.55,19.49,103.0,https://www.racedayquads.com/products/tattu-850mah-4s-75c-battery-for-3-and-4-quads-xt30,
Tattu,FunFly 1300mAh 4S,tattu-funfly-1300mah-4s,100C,1300,4S,LiPo,XT60,72x35x28.5mm,1.4,26.99,149.0,https://www.racedayquads.com/products/tattu-funfly-14-8v-4s-1300mah-100c-lipo-battery-xt60,
Tattu,FunFly 1300mAh 6S,tattu-funfly-1300mah-6s,100C,1300,6S,LiPo,XT60,,1.37,39.49,225.0,https://www.racedayquads.com/products/tattu-funfly-22-2v-6s-1300mah-100c-lipo-battery-xt60,
Tattu,FunFly 1550mAh 4S,tattu-funfly-1550mah-4s,100C,1550,4S,LiPo,XT60,,1.24,28.49,178.0,https://www.racedayquads.com/products/tattu-fun-fly-1550mah-4s-100c-lipo-practice-budget-battery,
Tattu,G-Tech 9000mAh 6S,tattu-g-tech-9000mah-6s,25C,9000,6S,LiPo,XT60,,1.25,249.49,1175.0,https://www.racedayquads.com/products/tattu-g-tech-9000mah-6s-25c-lipo-battery-xt60,
Tattu,G-Tech - -S 16000mAh 6S,tattu-g-tech-s-16000mah-6s,30C,16000,6S,LiPo,XT90,,1.18,419.49,1990.0,https://www.racedayquads.com/products/tattu-g-tech-16000mah-6s-30c-lipo-battery-xt90-s,
Tattu,JST 300mAh 2S,tattu-jst-300mah-2s,75C,300,2S,LiPo,JST,,5.63,12.49,16.0,https://www.racedayquads.com/products/tattu-300mah-7-6v-75c-2s1p-lipo-jst,
Tattu,JST-SYP 450mAh 2S,tattu-jst-syp-450mah-2s,75C,450,2S,LiPo,JST-SYP,,3.3,10.99,29.0,https://www.racedayquads.com/products/tattu-7-4v-2s-450mah-75c-lipo-micro-battery-jst-syp,
Tattu,R-Line 500mAh 1S,tattu-r-line-500mah-1s,95C,500,1S,LiPo,PH2.0,,5.13,9.49,14.0,https://www.racedayquads.com/products/tattu-r-line-1s-3-7v-500mah-95c-lipo-whoop-micro-battery-ph2-0,
Tattu,R-Line 550mAh 2S,tattu-r-line-550mah-2s,95C,550,2S,LiPo,XT30,63x16x12mm,3.31,13.49,100.0,https://www.racedayquads.com/products/tattu-r-line-7-4v-2s-550mah-95c-lipo-micro-battery-xt30,
Tattu,R-Line 550mAh 3S,tattu-r-line-550mah-3s,95C,550,3S,LiPo,XT30,,3.11,18.99,46.0,https://www.racedayquads.com/products/tattu-r-line-11-1v-3s-550mah-95c-lipo-micro-battery-xt30,
Tattu,R-Line 850mAh 4S,tattu-r-line-850mah-4s,95C,850,4S,LiPo,XT30,,2.26,28.49,104.0,https://www.racedayquads.com/products/tattu-r-line-850mah-14-8v-95c-4s1p-lipo-battery-pack-with-xt30-plug,
Tattu,R-Line V6.0 1600mAh 6S,tattu-r-line-v6-0-1600mah-6s,160C,1600,6S,LiPo,XT60,,1.32,46.99,240.0,https://www.racedayquads.com/products/tattu-r-line-v6-0-1600mah-6s-160c-22-2v-lipo-battery,
Tattu,R-Line Version 1.0 650mAh 6S,tattu-r-line-version-1-0-650mah-6s,95C,650,6S,LiPo,XT30,,1.64,23.69,115.0,https://www.racedayquads.com/products/tattu-r-line-version-1-0-22-2v-6s-650mah-lipo-micro-battery-xt30,
Tattu,R-Line Version 3.0 1400mAh 6S,tattu-r-line-version-3-0-1400mah-6s,120C,1400,6S,LiPo,XT60,,1.79,55.49,233.0,https://www.racedayquads.com/products/tattu-r-line-version-3-0-22-2v-6s-1400mah-lipo-battery-xt60,
Tattu,R-Line Version 3.0 1550mAh 4S,tattu-r-line-version-3-0-1550mah-4s,120C,1550,4S,LiPo,XT60,,2.0,45.99,181.0,https://www.racedayquads.com/products/tattu-r-line-version-3-0-1550mah-14-8v-120c-4s1p-lipo-battery-pack-with-xt60-plug,
Tattu,R-Line Version 4.0 1050mAh 6S,tattu-r-line-version-4-0-1050mah-6s,130C,1050,6S,LiPo,XT60,,1.97,45.99,180.0,https://www.racedayquads.com/products/tattu-r-line-version-4-0-22-2v-6s-1050mah-130c-lipo-battery-xt60,
Tattu,R-Line Version 4.0 1300mAh 6S,tattu-r-line-version-4-0-1300mah-6s,130C,1300,6S,LiPo,XT60,,1.87,53.99,200.0,https://www.racedayquads.com/products/tattu-r-line-version-4-0-22-2v-6s-1300mah-130c-lipo-battery-xt60,
Tattu,R-Line Version 4.0 1400mAh 6S,tattu-r-line-version-4-0-1400mah-6s,130C,1400,6S,LiPo,XT60,,1.83,56.99,222.0,https://www.racedayquads.com/products/tattu-r-line-version-4-0-22-2v-6s-1400mah-130c-lipo-battery-xt60,
Tattu,R-Line Version 5.0 1050mAh 6S,tattu-r-line-version-5-0-1050mah-6s,150C,1050,6S,LiPo,XT60,,2.04,47.49,186.0,https://www.racedayquads.com/products/tattu-r-line-version-5-0-1050mah-6s-22-2v-150c-lipo-battery-xt60,
Tattu,R-Line Version 5.0 1050mAh 8S,tattu-r-line-version-5-0-1050mah-8s,150C,1050,8S,LiPo,XT60,,1.91,59.49,242.0,https://www.racedayquads.com/products/tattu-r-line-version-5-0-1050mah-8s-150c-29-6v-lipo-battery-xt60,
Tattu,R-Line Version 5.0 1200mAh 6S,tattu-r-line-version-5-0-1200mah-6s,150C,1200,6S,LiPo,XT60,78x40x32mm,1.69,44.99,197.0,https://www.racedayquads.com/products/tattu-r-line-version-5-0-22-2v-6s-1200mah-150c-lipo-battery-xt60,
Tattu,R-Line Version 5.0 1300mAh 4S,tattu-r-line-version-5-0-1300mah-4s,150C,1300,4S,LiPo,XT60,,2.23,42.99,156.0,https://www.racedayquads.com/products/tattu-r-line-version-5-0-1300mah-4s-14-8v-150c-lipo-battery-xt60,
Tattu,R-Line Version 5.0 1400mAh 6S,tattu-r-line-version-5-0-1400mah-6s,150C,1400,6S,LiPo,XT60,78x39x42mm,1.79,55.49,222.0,https://www.racedayquads.com/products/copy-of-tattu-r-line-version-4-0-22-2v-6s-1400mah-130c-lipo-battery-xt60,
Tattu,R-Line Version 5.0 1550mAh 6S,tattu-r-line-version-5-0-1550mah-6s,150C,1550,6S,LiPo,XT60,,1.79,61.49,254.0,https://www.racedayquads.com/products/tattu-r-line-version-5-0-1550mah-6s-150c-22-2v-lipo-battery-xt60,
Tattu,R-Line Version 5.0 1800mAh 6S,tattu-r-line-version-5-0-1800mah-6s,150C,1800,6S,LiPo,XT60,,1.73,68.99,287.0,https://www.racedayquads.com/products/tattu-r-line-version-5-0-1800mah-6s-150c-22-2v-lipo-battery-xt60,
Tattu,R-Line Version 5.0 850mAh 3S,tattu-r-line-version-5-0-850mah-3s,150C,850,3S,LiPo,XT30,,2.6,24.49,76.0,https://www.racedayquads.com/products/tattu-r-line-version-5-0-850mah-3s-11-1v-150c-lipo-battery-xt30,
Tattu,R-Line Version 5.0 850mAh 4S,tattu-r-line-version-5-0-850mah-4s,150C,850,4S,LiPo,XT30,,2.5,31.49,100.0,https://www.racedayquads.com/products/tattu-r-line-version-5-0-850mah-4s-150c-14-8v-lipo-battery-xt30,
Tattu,R-Line Version 5.0 850mAh 6S,tattu-r-line-version-5-0-850mah-6s,150C,850,6S,LiPo,XT30,,2.23,41.99,145.0,https://www.racedayquads.com/products/tattu-r-line-version-5-0-850mah-6s-22-2v-150c-lipo-battery-xt30,
Tattu,R-Line Version 6.0 SQ 1480mAh 6S,tattu-r-line-version-6-0-sq-1480mah-6s,160C,1480,6S,LiPo,XT60,,1.29,42.49,220.0,https://www.racedayquads.com/products/tattu-r-line-version-6-0-sq-1480mah-160c-6s-22-2v-lipo-battery-xt60,
WREKD Co.,Quad Gas 1380mAh 6S,wrekd-co-quad-gas-1380mah-6s,150C,1380,6S,LiPo,XT60,,1.34,40.99,223.0,https://www.racedayquads.com/products/quad-gas-6s-1380mah-150c-lipo-battery-1pc,
WREKD Co.,Quad Gas - Choose Red or 1380mAh 6S,wrekd-co-quad-gas-choose-red-or-1380mah-6s,150C,1380,6S,LiPo,XT60,,4.01,122.97,223.0,https://www.racedayquads.com/products/quad-gas-6s-1380mah-150c-lipo-battery-3-pack-choose-red-or-black,
XILO,1300mAh 5S,xilo-1300mah-5s,100C,1300,5S,LiPo,XT60,,1.52,36.49,198.0,https://www.racedayquads.com/products/xilo-1300mah-5s-100c-lipo-battery,
XILO,1500mAh 5S,xilo-1500mah-5s,100C,1500,5S,LiPo,XT60,,1.42,39.49,228.0,https://www.racedayquads.com/products/xilo-1500mah-5s-100c-lipo-battery,
XILO,Basher 1250mAh 6S,xilo-basher-1250mah-6s,100C,1250,6S,LiPo,XT60,,1.71,47.49,215.0,https://www.racedayquads.com/products/xilo-1250mah-6s-100c-basher-lipo-battery-xt60,
XILO,Basher 1300mAh 4S,xilo-basher-1300mah-4s,100C,1300,4S,LiPo,XT60,,1.64,31.49,165.0,https://www.racedayquads.com/products/xilo-1300mah-4s-100c-basher-lipo-battery-xt60,
XILO,Basher 1500mAh 4S,xilo-basher-1500mah-4s,100C,1500,4S,LiPo,XT60,,1.64,36.49,185.0,https://www.racedayquads.com/products/xilo-1500mah-4s-100c-basher-lipo-battery-xt60,
XILO,Basher 850mAh 4S,xilo-basher-850mah-4s,100C,850,4S,LiPo,XT60,,2.26,28.49,110.0,https://www.racedayquads.com/products/xilo-850mah-4s-100c-basher-lipo-battery-xt60,
XILO,Essential 450mAh 3S,xilo-essential-450mah-3s,100C,450,3S,LiPo,XT30,,2.8,13.99,45.0,https://www.racedayquads.com/products/xilo-450mah-3s-100c-essential-micro-lipo-battery-xt30,
XILO,Essential 550mAh 3S,xilo-essential-550mah-3s,100C,550,3S,LiPo,XT30,,3.36,20.49,54.36,https://www.racedayquads.com/products/xilo-550mah-3s-100c-essential-micro-lipo-battery-xt30,
XILO,Essential 550mAh 6S,xilo-essential-550mah-6s,100C,550,6S,LiPo,XT30,,2.91,35.49,100.8,https://www.racedayquads.com/products/xilo-550mah-6s-100c-essential-micro-lipo-battery-xt30,
XILO,Essential 650mAh 4S,xilo-essential-650mah-4s,100C,650,4S,LiPo,XT30,,3.27,31.49,80.0,https://www.racedayquads.com/products/xilo-650mah-4s-100c-essential-micro-lipo-battery-xt30,
XILO,Essential JST 450mAh 1S,xilo-essential-jst-450mah-1s,100C,450,1S,LiPo,JST,,5.7,9.49,13.79,https://www.racedayquads.com/products/xilo-450mah-1s-100c-essential-micro-lipo-battery-jst,
