brand,model,slug,aspect_ratio,fov_deg,input_voltage,lens_mm,price_usd,resolution,resolution_tvl,sensor,size_class,system,weight_g,sources,note
AKK,AIO-SA Whoop/Micro AIO & 25-200mW w/ Smart Audio,akk-aio-sa-whoop-micro-aio-25-200mw-w-smart-audio,,,3.2-5.5V,,29.99,,,,micro,analog,4.3,https://www.racedayquads.com/products/akk-aio-sa-fpv-camera-for-whoops-and-2-builds-smart-audio,
Caddx,Ant Lite Nano 1200TVL CMOS PAL/NTSC - Choose Your Aspect Ratio,caddx-ant-lite-nano-1200tvl-cmos-pal-ntsc-choose-your-aspect-ratio,4:3 / 16:9 switchable,,,,19.49,,1200,"1/3"" CMOS",nano,analog,1.7,https://www.racedayquads.com/products/caddx-ant-lite-nano-1200tvl-cmos-pal-ntsc-fpv-camera-choose-your-version,
Caddx,Ant Nano 1200TVL CMOS PAL/NTSC (1.8mm) - Choose Color & Aspect Ratio,caddx-ant-nano-1200tvl-cmos-pal-ntsc-1-8mm-choose-color-aspect-ratio,4:3 / 16:9 switchable,,,,19.49,,1200,"1/3"" CMOS",nano,analog,2.0,https://www.racedayquads.com/products/caddx-ant-1200tvl-nano-fpv-camera-1-8mm-choose-color-aspect-ratio,
Caddx,Baby Ratel 2 1200TVL CMOS 4:3/16:9 NTSC/PAL (1.8mm),caddx-baby-ratel-2-1200tvl-cmos-4-3-16-9-ntsc-pal-1-8mm,4:3 / 16:9 switchable,,,,31.49,,1200,"1/1.8"" starlight HDR",nano,analog,3.0,https://www.racedayquads.com/products/caddx-baby-ratel-2-1200tvl-cmos-4-3-16-9-ntsc-pal-fpv-camera-1-8mm-black,
Caddx,Nebula Pro Nano 720p/120fps HD for DJI,caddx-nebula-pro-nano-720p-120fps-hd-for-dji,4:3 / 16:9 switchable,150,,,80.49,720p/120fps,,"1/3"" CMOS",nano,DJI,3.5,https://www.racedayquads.com/products/caddx-nebula-pro-nano-720p-120fps-hd-fpv-camera-for-dji,
Caddx,Ratel 2 Micro 1200TVL CMOS 4:3/16:9 NTSC/PAL (2.1mm) - Choose Your,caddx-ratel-2-micro-1200tvl-cmos-4-3-16-9-ntsc-pal-2-1mm-choose-your,4:3 / 16:9 switchable,165,,2.1,37.49,,1200,"1/1.8"" Starlight",micro,analog,5.9,https://www.racedayquads.com/products/caddx-ratel-2-1200tvl-16-9-4-3-ntsc-pal-micro-fpv-camera,
Caddx,Ratel PRO Micro 1500TVL BSI PAL/NTSC (2.8mm),caddx-ratel-pro-micro-1500tvl-bsi-pal-ntsc-2-8mm,4:3 / 16:9 switchable,125,,,59.99,,1500,"1/1.8""",micro,analog,9.5,https://www.racedayquads.com/products/caddx-ratel-pro-micro-1500tvl-bsi-pal-ntsc-fpv-camera-2-8mm-black,
Caddx,Walksnail Avatar HD Micro & Kit (Compatible w/ Fat Shark Dominator HD),caddx-walksnail-avatar-hd-micro-kit-compatible-w-fat-shark-dominator-hd,,170,6-25.2V,,128.99,1080p 60FPS / 720P 120FPS / 720P 60FPS,,,micro,Walksnail,16.0,https://www.racedayquads.com/products/walksnail-hd-micro-camera-vtx-combo,
Caddx,Walksnail Avatar HD Micro & Kit V2 - 32GB,caddx-walksnail-avatar-hd-micro-kit-v2-32gb,4:3 / 16:9 switchable,160,,,178.99,,,"1/3.2"" 4Mp 4:3",micro,Walksnail,17.6,https://www.racedayquads.com/products/walksnail-avatar-hd-micro-camera-vtx-kit-v2-choose-version,
Caddx,Walksnail Avatar HD Nano V3 20x20 Kit w/ Nano (Compatible w/ Fat Shark Dominator HD),caddx-walksnail-avatar-hd-nano-v3-20x20-kit-w-nano-compatible-w-fat-shark-dominator-hd,4:3 / 16:9 switchable,160,,2.1,130.99,"1080P/60fps,720P/120fps,720P/60fps",,"1/3.2"" 4Mp 4:3",nano,Walksnail,3.0,https://www.racedayquads.com/products/walksnail-avatar-hd-nano-v3-vtx-kit-w-nano-camera,
Caddx,Walksnail Avatar Mini 1S V3 Kit Combo - (w/ Nano ),caddx-walksnail-avatar-mini-1s-v3-kit-combo-w-nano,,170,,,322.99,1080p 60FPS / 720P 120FPS / 720P 60FPS,,,mini,Walksnail,3.5,https://www.racedayquads.com/products/walksnail-avatar-mini-1s-v3-vtx-kit-combo-w-nano-camera,
Drone Nerds,DJI Mini 4 Pro (DJI RC 2) All-In-One Omni Obstacle Sensing Mini Drone,drone-nerds-dji-mini-4-pro-dji-rc-2-all-in-one-omni-obstacle-sensing-mini-drone,,,,,959.0,,,,mini,DJI,,https://www.racedayquads.com/products/dji-mini-4-pro-dji-rc-2-all-in-one-omni-obstacle-sensing-mini-camera-drone,
Drone Nerds,DJI Mini 4 Pro (RC-N2) All-In-One Omni Obstacle Sensing Mini Drone,drone-nerds-dji-mini-4-pro-rc-n2-all-in-one-omni-obstacle-sensing-mini-drone,,,,,759.0,,,,mini,DJI,,https://www.racedayquads.com/products/dji-mini-4-pro-rc-n2-all-in-one-omni-obstacle-sensing-mini-camera-drone,
FATSHARK,Fat Shark Aura Analog,fatshark-fat-shark-aura-analog,4:3 / 16:9 switchable,150,5-25V,2.1,75.49,,1200,"SONY 1/3"" CMOS",micro,analog,8.8,https://www.racedayquads.com/products/fat-shark-aura-analog-fpv-camera,
FIVE33,Foxeer Predator 5 Nano 1000TVL 4:3/16:9 PAL/NTSC (1.7mm),five33-foxeer-predator-5-nano-1000tvl-4-3-16-9-pal-ntsc-1-7mm,4:3 / 16:9 switchable,155,,,39.89,,1000,"Sony 1/3"" CMOS",nano,analog,4.8,https://www.racedayquads.com/products/foxeer-predator-5-nano-1000tvl-4-3-16-9-pal-ntsc-fpv-camera-1-7mm-five33-edition,
Foxeer,Apollo Micro HD for DJI - Choose Version,foxeer-apollo-micro-hd-for-dji-choose-version,16:9,,,,49.89,Digital 720P/60fps,,"Sony 1/2"" CMOS",micro,DJI,9.8,https://www.racedayquads.com/products/foxeer-apollo-micro-hd-fpv-camera-for-dji-choose-version,
Foxeer,Cat 3 Micro 1200TVL CMOS 4:3/16:9 PAL/NTSC (2.1mm) - Choose Your,foxeer-cat-3-micro-1200tvl-cmos-4-3-16-9-pal-ntsc-2-1mm-choose-your,4:3 / 16:9 switchable,125,,,59.99,,1200,"Sony 1/3"" CMOS",micro,analog,10.7,https://www.racedayquads.com/products/foxeer-cat-3-micro-starlight-1200tvl-fpv-camera-4-3-16-9-pal-ntsc-2-1mm-choose-your-color,
Foxeer,Cat 3 Mini 1200TVL CMOS 2MP 4:3/16:9 PAL/NTSC LUX Night (2.1mm) - Choose Your,foxeer-cat-3-mini-1200tvl-cmos-2mp-4-3-16-9-pal-ntsc-lux-night-2-1mm-choose-your,4:3 / 16:9 switchable,,,,59.99,,1200,"Sony 1/3"" CMOS",mini,analog,12.2,https://www.racedayquads.com/products/foxeer-cat-3-mini-1200tvl-cmos-2mp-4-3-16-9-pal-ntsc-lux-night-fpv-camera-2-1mm-choose-your-color,
Foxeer,Micro Cat 4 1200TVL StarLight,foxeer-micro-cat-4-1200tvl-starlight,4:3 / 16:9 switchable,,,2.1,46.49,,1200,"Sony 1/3"" CMOS",micro,analog,11.8,https://www.racedayquads.com/products/foxeer-micro-cat-4-1200tvl-starlight-fpv-camera,
Foxeer,Mini Cat 4 - 1200TVL StarLight,foxeer-mini-cat-4-1200tvl-starlight,4:3 / 16:9 switchable,120,,,46.49,,1200,"Sony 1/3"" CMOS",mini,analog,11.8,https://www.racedayquads.com/products/foxeer-mini-cat-4-1200tvl-starlight-fpv-camera,
Foxeer,Predator V5 Micro 1000TVL CMOS 4:3/16:9 PAL/NTSC (1.7mm) Naked,foxeer-predator-v5-micro-1000tvl-cmos-4-3-16-9-pal-ntsc-1-7mm-naked,4:3 / 16:9 switchable,155,,,36.89,,1000,"Sony 1/3"" CMOS",micro,analog,5.8,https://www.racedayquads.com/products/foxeer-predator-v5-micro-1000tvl-cmos-4-3-16-9-pal-ntsc-fpv-camera-1-7mm-naked-choose-your-color,
Foxeer,Razer Micro 1200TVL CMOS 4:3 PAL/NSTC (1.8mm),foxeer-razer-micro-1200tvl-cmos-4-3-pal-nstc-1-8mm,4:3 / 16:9 switchable,,,,19.89,,1200,CMOS 1/3,micro,analog,4.5,https://www.racedayquads.com/products/foxeer-razer-micro-1200tvl-4-3-pal-nstc-cmos-fpv-camera-1-8mm-black,
Foxeer,Razer Mini 1200TVL CMOS 16:9 PAL/NTSC (2.1mm),foxeer-razer-mini-1200tvl-cmos-16-9-pal-ntsc-2-1mm,4:3 / 16:9 switchable,,,,23.99,,1200,CMOS 1/3,mini,analog,12.0,https://www.racedayquads.com/products/foxeer-razer-mini-1200tvl-16-9-pal-nstc-cmos-fpv-camera-2-1mm-black,
Foxeer,Razer Nano 1200TVL CMOS 16:9 NSTC (1.8mm),foxeer-razer-nano-1200tvl-cmos-16-9-nstc-1-8mm,4:3 / 16:9 switchable,150,,,19.89,,1200,CMOS 1/3,nano,analog,3.9,https://www.racedayquads.com/products/foxeer-razer-nano-1200tvl-16-9-pal-nstc-cmos-fpv-camera-1-8mm-black,
Foxeer,Razer Nano 1200TVL CMOS 4:3 PAL (1.8mm),foxeer-razer-nano-1200tvl-cmos-4-3-pal-1-8mm,4:3 / 16:9 switchable,150,,,19.89,,1200,CMOS 1/3,nano,analog,3.9,https://www.racedayquads.com/products/foxeer-razer-nano-1200tvl-4-3-nstc-cmos-fpv-camera-1-8mm-black,
Foxeer,Razer V2 Mini 1200TVL 4:3 PAL/NSTC CMOS (2.1mm),foxeer-razer-v2-mini-1200tvl-4-3-pal-nstc-cmos-2-1mm,4:3 / 16:9 switchable,,,,27.99,,1200,CMOS 1/3,mini,analog,12.0,https://www.racedayquads.com/products/foxeer-razer-v2-mini-1200tvl-4-3-pal-nstc-cmos-fpv-camera-2-1mm-black,
Foxeer,T-Rex Micro 1500TVL CMOS 4:3/16:9 PAL/NTSC (1.7mm) - Choose Your,foxeer-t-rex-micro-1500tvl-cmos-4-3-16-9-pal-ntsc-1-7mm-choose-your,4:3 / 16:9 switchable,,,,65.99,,1500,,micro,analog,8.6,https://www.racedayquads.com/products/foxeer-t-rex-micro-fpv-camera-1500tvl-cmos-16-9-4-3-pal-ntsc-plug-choose-your-color,
Foxeer,T-Rex Mini 1500TVL CMOS 2MP 4:3/16:9 PAL/NTSC Super WDR (1.7mm),foxeer-t-rex-mini-1500tvl-cmos-2mp-4-3-16-9-pal-ntsc-super-wdr-1-7mm,4:3 / 16:9 switchable,,,,65.99,,1500,,mini,analog,10.2,https://www.racedayquads.com/products/foxeer-t-rex-mini-1500tvl-cmos-2mp-4-3-16-9-pal-ntsc-super-wdr-fpv-camera-1-7mm,
Foxeer,Toothless 2 Micro Starlight 1200TVL CMOS 4:3/16:9 PAL/NTSC (1.7mm) - Choose Your,foxeer-toothless-2-micro-starlight-1200tvl-cmos-4-3-16-9-pal-ntsc-1-7mm-choose-your,4:3 / 16:9 switchable,,,,47.99,,1200,"1/2""",micro,analog,8.5,https://www.racedayquads.com/products/foxeer-toothless-2-micro-1200tvl-16-9-4-3-pal-nstc-cmos-switchable-fov-fpv-starlight-camera-w-m12-lens-and-1-2-sensor-1-7mm-choose-your-color,
Foxeer,Toothless 2 Nano Starlight 1200TVL CMOS 4:3/16:9 PAL/NTSC (2.1mm) - Choose Your,foxeer-toothless-2-nano-starlight-1200tvl-cmos-4-3-16-9-pal-ntsc-2-1mm-choose-your,4:3 / 16:9 switchable,,3.8-16V,,32.89,,1200,"1/2""",nano,analog,3.1,https://www.racedayquads.com/products/foxeer-toothless-2-nano-starlight-1200tvl-16-9-4-3-pal-nstc-cmos-fpv-camera-w-1-2-sensor-1-7mm-choose-your-color,
Happymodel,Nano7 CMOS 800TVL Mobula6 2024 Analog,happymodel-nano7-cmos-800tvl-mobula6-2024-analog,4:3,150,,,29.99,,800,"1/3""",nano,analog,1.8,https://www.racedayquads.com/products/happymodel-fxt-fx17-b-cmos-camera-for-mobula6-2024-analog,
Happymodel,RunCam Nano 3 800TVL CMOS w/ Holes & Plug,happymodel-runcam-nano-3-800tvl-cmos-w-holes-plug,,,,,23.99,,800,"1/3"" CMOS",nano,analog,1.1,https://www.racedayquads.com/products/happymodel-runcam-nano-3-800tvl-cmos-fpv-camera-w-plug,
HDZero,Eco,hdzero-eco,4:3,150,,,34.99,,,"1/3""",nano,HDZero,1.8,https://www.racedayquads.com/products/hdzero-eco-camera,
HDZero,Lux,hdzero-lux,4:3 / 16:9 switchable,155,,,53.99,,,"1/2""",nano,HDZero,2.3,https://www.racedayquads.com/products/hdzero-lux-camera,
HDZero,Runcam Micro V2,hdzero-runcam-micro-v2,4:3 / 16:9 switchable,,3.3V,,65.99,720p,,"1/2""",micro,HDZero,8.5,https://www.racedayquads.com/products/runcam-hdzero-micro-camera-v2-for-sharkbyte,
NewBeeDrone,BeeEye,newbeedrone-beeeye,,,,,12.99,,600,,nano,analog,,https://www.racedayquads.com/products/newbeedrone-beeeye-fpv-camera,
NewBeeDrone,BeeEye Nano 600TVL for BeeBrain FC,newbeedrone-beeeye-nano-600tvl-for-beebrain-fc,,,,,15.99,,600,,nano,analog,,https://www.racedayquads.com/products/newbeedrone-beeeye-600tvl-nano-fpv-camera-for-beebrain-fcs,
RunCam,HDZero Nano 90 V2,runcam-hdzero-nano-90-v2,4:3,,,,73.99,540P@90fps 4:3 | 720P@60fps 4:3,,"1/3""",nano,HDZero,5.2,https://www.racedayquads.com/products/runcam-hdzero-nano-90-v2-fpv-camera,
RunCam,Nano 3 800TVL CMOS w/ Plug,runcam-nano-3-800tvl-cmos-w-plug,,,,,23.99,,800,"1/3"" CMOS",nano,analog,1.1,https://www.racedayquads.com/products/runcam-nano-3-800tvl-cmos-fpv-camera-w-plug-for,
RunCam,Phoenix 2 Micro 1000TVL CMOS 4:3/16:9 PAL/NTSC (2.1mm),runcam-phoenix-2-micro-1000tvl-cmos-4-3-16-9-pal-ntsc-2-1mm,4:3 / 16:9 switchable,,,,35.99,,1000,"1/2"" COMS",micro,analog,9.0,https://www.racedayquads.com/products/runcam-phoenix-2-1000tvl-16-9-4-3-ntsc-pal-cmos-micro-fpv-camera,
RunCam,Phoenix 2 Micro Joshua Bardwell Edition 1000TVL CMOS 4:3/16:9 PAL/NTSC (2.1mm),runcam-phoenix-2-micro-joshua-bardwell-edition-1000tvl-cmos-4-3-16-9-pal-ntsc-2-1mm,4:3 / 16:9 switchable,,,,39.99,,1000,"1/2"" CMOS",micro,analog,9.0,https://www.racedayquads.com/products/runcam-phoenix-2-micro-joshua-bardwell-edition-1000tvl-cmos-4-3-16-9-pal-ntsc-fpv-camera-2-1mm-silver,
RunCam,Phoenix 2 Nano,runcam-phoenix-2-nano,4:3 / 16:9 switchable,,,,35.99,,1000,"1/2"" CMOS",nano,analog,5.0,https://www.racedayquads.com/products/runcam-phoenix-2-nano-camera,
RunCam,Phoenix 2 Nite,runcam-phoenix-2-nite,4:3 / 16:9 switchable,125,5-24V,,61.99,,1500,"1/2.8"" 2MP",micro,analog,8.0,https://www.racedayquads.com/products/runcam-phoenix-2-nite-fpv-camera,
RunCam,Phoenix 2 SP Micro 1500TVL Starlight CMOS 4:3/16:9 NTSC/PAL (2.1mm) - Black - Choose Your Version,runcam-phoenix-2-sp-micro-1500tvl-starlight-cmos-4-3-16-9-ntsc-pal-2-1mm-black-choose-your-version,4:3 / 16:9 switchable,,,,27.99,,1500,"1/2.8"" Starlight CMOS",micro,analog,7.5,https://www.racedayquads.com/products/runcam-phoenix-2-sp-1500tvl-starlight-coms-sensor-4-3-16-9-ntsc-pal-fpv-camera-2-1mm-black,
RunCam,Phoenix 2 Special Edition Micro 1000TVL CMOS 4:3/16:9 NTSC/PAL,runcam-phoenix-2-special-edition-micro-1000tvl-cmos-4-3-16-9-ntsc-pal,4:3 / 16:9 switchable,,,,29.99,,1000,"1/2"" COMS",micro,analog,8.6,https://www.racedayquads.com/products/runcam-phoenix-2-special-edition-micro-1000tvl-cmos-4-3-16-9-ntsc-pal-fpv-camera,
RunCam,Phoenix 2 SPV5,runcam-phoenix-2-spv5,4:3 / 16:9 switchable,,5-36V,,24.99,,1200,"1/3"" BSI CMOS",micro,analog,7.5,https://www.racedayquads.com/products/runcam-phoenix-2-spv5-fpv-camera,
RunCam,Phoenix HD Micro for DJI,runcam-phoenix-hd-micro-for-dji,,,,,59.99,,,,micro,DJI,7.5,https://www.racedayquads.com/products/runcam-phoenix-hd-micro-fpv-camera-for-dji-silver,
RunCam,Racer Nano 4 1200TVL CMOS 4:3 PAL/NTSC Waterproof,runcam-racer-nano-4-1200tvl-cmos-4-3-pal-ntsc-waterproof,4:3,,,,41.99,,1200,,nano,analog,4.5,https://www.racedayquads.com/products/runcam-racer-nano-4,
RunCam,Wasp 720p/120fps Micro HD for DJI,runcam-wasp-720p-120fps-micro-hd-for-dji,4:3,,,,55.49,720p@120fps(4:3),,"1/3""",micro,DJI,7.5,https://www.racedayquads.com/products/runcam-wasp-hd-micro-fpv-camera-for-dji,
Triumph Manufacturing,Triumph Vanguard - NDAA,triumph-manufacturing-triumph-vanguard-ndaa,4:3 / 16:9 switchable,,,,61.99,,1000,"1/2.8"" 2MP Back-Illuminated",micro,analog,8.5,https://www.racedayquads.com/products/triumph-vanguard-fpv-camera-ndaa,
