brand,model,slug,blades,diameter_in,mount,pitch_in,price_usd,suited_motors,weight_g,sources,note
Antigravity,A1,antigravity-a1,2,15.0,5mm (standard),15.0,11.99,,0.95,https://www.racedayquads.com/products/antigravity-a1-propellers,
APC,10x10EP 2-Blade (CW),apc-10x10ep-2-blade-cw,2,10.0,5mm (standard),10.0,3.49,,20.13,https://www.racedayquads.com/products/apc-10x10ep-2-blade-propeller-cw-gray,
APC,10x6EP 2-Blade (CW),apc-10x6ep-2-blade-cw,2,6.35,5mm (standard),6.0,3.49,,20.1,https://www.racedayquads.com/products/apc-10x6ep-2-blade-propeller-cw-gray,
APC,7x4 SF-B4 2-Blade,apc-7x4-sf-b4-2-blade,2,7.0,5mm,4.0,6.99,,5.1,https://www.racedayquads.com/products/apc-7x4-sf-b4-2-blade-propellers-set-of-4,
APC,B10x6E 2-Blade (CCW),apc-b10x6e-2-blade-ccw,2,6.35,5mm (standard),6.0,3.49,,20.13,https://www.racedayquads.com/products/apc-b10x6e-2-blade-propeller-ccw-black,
APC,B10x7E 2-Blade (CCW),apc-b10x7e-2-blade-ccw,2,7.0,5mm (standard),7.0,3.49,,20.13,https://www.racedayquads.com/products/apc-b10x7e-2-blade-propeller-ccw-black,
Axisflying,"BB39 4926 Tri-Blade 5"" Prop - Choose Version",axisflying-bb39-4926-tri-blade-5-prop-choose-version,5,5.0,5mm,2.6,4.49,,3.7,https://www.racedayquads.com/products/draft-axis-flying-bb39-propeller-choose-your-color,
Azure Power,"Johnny Freestyle 4.8x3.8x3 POPO Compatible Tri-Blade 5"" Prop - Choose Your",azure-power-johnny-freestyle-4-8x3-8x3-popo-compatible-tri-blade-5-prop-choose-your,3,5.0,5mm (standard),3.8,4.99,,3.9,https://www.racedayquads.com/products/azure-johnny-freestyle-5-prop,
Azure Power,"Vanover Limited Edition 5.1x3.0x3 POPO Compatible Tri-Blade 5"" Prop - Choose Your",azure-power-vanover-limited-edition-5-1x3-0x3-popo-compatible-tri-blade-5-prop-choose-your,3,5.1,5mm (standard),3.0,4.99,,4.05,https://www.racedayquads.com/products/azure-power-vanover-limited-edition-5-1x4-5x3-popo-compatible-tri-blade-5-prop-set-of-4-choose-your-color,
EMAX,"Avan FLOW 5x4.3x3 Tri-Blade 5"" Prop - Choose Your",emax-avan-flow-5x4-3x3-tri-blade-5-prop-choose-your,3,5.0,5mm (standard),4.3,4.99,,4.4,https://www.racedayquads.com/products/emax-avan-flow-5-tri-blade-prop-set-of-4,
EMAX,"Avan Scimitar 5x2.8x4 Quad-Blade 5"" Prop",emax-avan-scimitar-5x2-8x4-quad-blade-5-prop,4,5.0,5mm (standard),2.8,3.99,,6.2,https://www.racedayquads.com/products/emax-avan-scimitar-5x2-8x4-quad-blade-5-prop-4-pack,
EMAX,"Avan Scimitar 5x3x3 Tri-Blade 5"" Prop",emax-avan-scimitar-5x3x3-tri-blade-5-prop,3,5.0,5mm (standard),3.0,3.99,,5.4,https://www.racedayquads.com/products/emax-avan-scimitar-5x3x3-tri-blade-5-prop-4-pack,
EMAX,"Scimitar 3.5x2.8x3 Tri-Blade 3.5"" Prop (1.5mm)",emax-scimitar-3-5x2-8x3-tri-blade-3-5-prop-1-5mm,3,3.5,1.5mm T-mount,2.8,3.99,,1.9,https://www.racedayquads.com/products/emax-scimitar-3-5x2-8x3-tri-blade-3-prop-4-pack-1-5mm,
Foxeer,"DAL Cyclone T5045C Pro Tri-Blade 5"" Prop 20 Pack",foxeer-dal-cyclone-t5045c-pro-tri-blade-5-prop-20-pack,3,5.0,5mm,4.5,11.99,,5.4,https://www.racedayquads.com/products/dal-cyclone-t5045c-pro-tri-blade-5-prop-20-pack-choose-your-color,
Foxeer,"DAL Foldable F6 V3 CNC Hub 6048 Tri-Blade 6"" Prop",foxeer-dal-foldable-f6-v3-cnc-hub-6048-tri-blade-6-prop,3,6.0,5mm,4.8,19.89,,6.3,https://www.racedayquads.com/products/dal-foldable-f6-v3-cnc-hub-6048-tri-blade-6-prop-4-pack-crystal-grey,
Foxeer,"DAL New Cyclone T2530 Tri-Blade 2.5"" Prop - Choose",foxeer-dal-new-cyclone-t2530-tri-blade-2-5-prop-choose,3,2.5,1.5mm,3.0,2.99,,1.4,https://www.racedayquads.com/products/dal-new-cyclone-t2530-tri-blade-3-prop-8-pack-choose-color,
Foxeer,"DAL New Cyclone T3018 Tri-Blade 3"" Prop",foxeer-dal-new-cyclone-t3018-tri-blade-3-prop,3,3.0,1.5mm,1.8,2.99,,1.3,https://www.racedayquads.com/products/dal-prop-new-cyclone-t3018-tri-blade-3-prop-8-pack-choose-color,
Foxeer,"DAL New Cyclone T3528 Tri-Blade 3.5"" Prop",foxeer-dal-new-cyclone-t3528-tri-blade-3-5-prop,3,3.5,1.5mm,2.8,3.99,,2.4,https://www.racedayquads.com/products/dal-new-cyclone-t3528-tri-blade-3-5-prop-8-pack-crystal-black,
Foxeer,"DAL New Cyclone T4024 Tri-Blade 4"" Prop",foxeer-dal-new-cyclone-t4024-tri-blade-4-prop,3,4.0,T-mount,2.4,4.99,,2.1,https://www.racedayquads.com/products/dal-new-cyclone-t4024-tri-blade-4-prop-8-pack,
Foxeer,"DAL New Cyclone T5146.5 V2 Tri-Blade 5"" Prop - Choose Your",foxeer-dal-new-cyclone-t5146-5-v2-tri-blade-5-prop-choose-your,3,5.1,5mm,4.65,3.99,,4.5,https://www.racedayquads.com/products/dal-cyclone-t5146-5-tri-blade-5-prop-4-pack-choose-your-color,
Foxeer,"DAL SpitFire T5148.5 Tri-Blade 5"" Prop - Choose Your",foxeer-dal-spitfire-t5148-5-tri-blade-5-prop-choose-your,5,5.0,5mm (standard),4.85,2.99,,4.2,https://www.racedayquads.com/products/dal-spitfire-t5148-5-tri-blade-5-prop-4-pack-choose-your-color,
Gemfan,"1170 Reinforced Glass Fiber Nylon Tri-Blade 11"" Prop",gemfan-1170-reinforced-glass-fiber-nylon-tri-blade-11-prop,3,11.0,1.5mm,7.0,16.99,,27.7,https://www.racedayquads.com/products/gemfan-1170-3-glass-fiber-nylon-black,
Gemfan,13x12x3 Glass Fiber Nylon 3-Blade,gemfan-13x12x3-glass-fiber-nylon-3-blade,3,13.0,6mm,12.0,13.99,,44.3,https://www.racedayquads.com/products/gemfan-13x12x3-glass-fiber-nylon-3-blade-propeller-set-of-2,
Gemfan,15x10x3 Glass Fiber Nylon 3-Blade,gemfan-15x10x3-glass-fiber-nylon-3-blade,3,15.0,6mm,10.0,17.99,,70.0,https://www.racedayquads.com/products/gemfan-15x10x3-glass-fiber-nylon-3-blade-propeller-set-of-2,
Gemfan,16X8X3 Glass Fiber Nylon 3-Blade,gemfan-16x8x3-glass-fiber-nylon-3-blade,3,16.0,6mm,8.0,19.49,,84.9,https://www.racedayquads.com/products/gemfan-16x8x3-glass-fiber-nylon-3-blade-propeller-set-of-2,
Gemfan,2216 3-Blade - 1.5mm,gemfan-2216-3-blade-1-5mm,3,2.2,1.5mm,1.6,3.29,,0.7,https://www.racedayquads.com/products/gemfan-2216-3-blade-propeller-set-of-8-1-5mm,
Gemfan,3032 3-Blade for DJI AVATA 2,gemfan-3032-3-blade-for-dji-avata-2,3,3.0,2mm,3.2,3.49,,1.8,https://www.racedayquads.com/products/gemfan-3032-3-blade-propeller-for-dji-avata-2-set-of-4,
Gemfan,3525 Hurricane 3-Blade - 1.5mm,gemfan-3525-hurricane-3-blade-1-5mm,3,3.5,1.5mm T-mount,2.5,2.69,,1.83,https://www.racedayquads.com/products/gemfan-3525-hurricane-3-blade-propeller-set-of-4-1-5mm,
Gemfan,353D 3D 3-Blade,gemfan-353d-3d-3-blade,3,2.5,1.5mm,2.5,2.89,,2.4,https://www.racedayquads.com/products/gemfan-353d-3d-3-blade-propeller-set-of-4,
Gemfan,4022F 2-Blade - DJI Flip Drone,gemfan-4022f-2-blade-dji-flip-drone,2,2.95,2.95mm,2.2,3.99,,0.37,https://www.racedayquads.com/products/gemfan-4022f-2-blade-propellers-set-of-8-dji-flip-drone,
Gemfan,493D 3D 3-Blade,gemfan-493d-3d-3-blade,3,12.0,5mm,3.2,2.99,,4.4,https://www.racedayquads.com/products/gemfan-493d-3d-3-blade-propeller-set-of-4,
Gemfan,"7035 Reinforced Carbon Or Glass Nylon Tri-Blade 7"" Prop - Choose Version",gemfan-7035-reinforced-carbon-or-glass-nylon-tri-blade-7-prop-choose-version,3,7.0,5mm,3.5,6.99,,6.9,https://www.racedayquads.com/products/gemfan-7035-reinforced-carbon-or-glass-nylon-tri-blade-7-prop-4-pack-choose-version,
Gemfan,7140 3-Blade,gemfan-7140-3-blade,3,7.1,5mm,4.0,4.49,,9.8,https://www.racedayquads.com/products/gemfan-7140-3-blade-propeller-set-of-4-black,
Gemfan,"Cinelifter 7035 7x3.5x3 Tri-Blade 7"" Prop - Choose Your",gemfan-cinelifter-7035-7x3-5x3-tri-blade-7-prop-choose-your,3,7.0,2mm T-mount,3.5,4.99,,6.5,https://www.racedayquads.com/products/gemfan-cinelifter-7035-3-7x3-5x3-bi-blade-7-prop-4-pack-choose-your-color,
Gemfan,"Cinelifter 8040 Tri-Blade 8.1"" Prop",gemfan-cinelifter-8040-tri-blade-8-1-prop,3,8.1,5mm,4.0,10.99,,10.5,https://www.racedayquads.com/products/gemfan-cinelifter-8040-tri-blade-8-1-prop-2-pack-black,
Gemfan,D2.5 Ducted 3-Blade - 1.5mm,gemfan-d2-5-ducted-3-blade-1-5mm,3,2.5,1.5mm T-mount,2.4,3.69,,1.2,https://www.racedayquads.com/products/gemfan-d2-5-ducted-3-blade-propeller-set-of-8-1-5mm,
Gemfan,"D51-5 1.5mm T-Mount Penta-Blade 2"" Prop - Choose Your",gemfan-d51-5-1-5mm-t-mount-penta-blade-2-prop-choose-your,2,2.0,1.5mm T-mount,1.9,4.99,,0.996,https://www.racedayquads.com/products/gemfan-d51-5-1-5mm-t-mount-penta-blade-4-prop-4-pack-choose-your-color,
Gemfan,"D63 Ducted Durable Tri-Blade 2.5"" Cinewhoop Prop",gemfan-d63-ducted-durable-tri-blade-2-5-cinewhoop-prop,3,2.5,T-mount,3.0,4.99,,1.36,https://www.racedayquads.com/products/gemfan-d63-ducted-durable-tri-blade-63mm-prop-8-pack,
Gemfan,"D76 Ducted Durable 5-Blade 3"" Prop (5mm & 1.5mm Mounting) - Choose Your",gemfan-d76-ducted-durable-5-blade-3-prop-5mm-1-5mm-mounting-choose-your,5,3.0,1.5mm T-mount,3.0,3.99,,3.03,https://www.racedayquads.com/products/gemfan-d76-ducted-durable-5-blade-76mm-prop-4-pack-choose-your-color,
Gemfan,"D90S T-Mount Tri-Blade 3.5"" Prop - Choose Your",gemfan-d90s-t-mount-tri-blade-3-5-prop-choose-your,3,3.5,T-mount,3.0,2.69,,2.3,https://www.racedayquads.com/products/gemfan-d90s-t-mount-tri-blade-3-prop-4-pack-choose-your-color,
Gemfan,DYH 3026 3-Blade,gemfan-dyh-3026-3-blade,3,2.6,T-mount,2.6,2.99,,1.8,https://www.racedayquads.com/products/gemfan-dyh-3026-3-blade-propeller-set-of-4,
Gemfan,"Flash 4052 Tri-Blade 4"" Prop - Choose Your",gemfan-flash-4052-tri-blade-4-prop-choose-your,4,4.0,5mm,5.2,3.99,,3.85,https://www.racedayquads.com/products/gemfan-4052-flash-4-tri-blade-prop-choose-your-color,
Gemfan,"Flash 5149 Tri-Blade 5"" Prop - Choose Your",gemfan-flash-5149-tri-blade-5-prop-choose-your,5,5.0,5mm (standard),5.1,3.29,,4.5,https://www.racedayquads.com/products/gemfan-5149-5-tri-blade-propeller-choose-your-color,
Gemfan,"Flash 6042 Bi-Blade 6"" Prop - Choose Your",gemfan-flash-6042-bi-blade-6-prop-choose-your,6,6.0,5mm,4.2,3.24,,4.82,https://www.racedayquads.com/products/gemfan-6042-6-2-blade-propellers-choose-your-color,
Gemfan,"Flash 6042 Tri-Blade 6"" Prop - Choose Your",gemfan-flash-6042-tri-blade-6-prop-choose-your,6,6.0,5mm,4.2,3.99,,6.45,https://www.racedayquads.com/products/gemfan-6042-flash-6-tri-blade-prop-choose-your-color,
Gemfan,"Flash 7040 Tri-Blade 7"" Prop - Choose Your",gemfan-flash-7040-tri-blade-7-prop-choose-your,7,7.0,5mm,4.0,4.99,,7.9,https://www.racedayquads.com/products/gemfan-flash-7040-tri-blade-7-prop-4-pack-choose-your-color,
Gemfan,Flash 7042 Durable Bi-Blade 7″ Prop – Choose Your,gemfan-flash-7042-durable-bi-blade-7-prop-choose-your,7,7.0,5mm,3.6,4.99,,5.52,https://www.racedayquads.com/products/gemfan-flash-7042-bi-blade-7-prop-4-pack-choose-your-color,
Gemfan,"Freestyle 5226 Durable Tri-Blade 5.2"" Prop - Choose Your",gemfan-freestyle-5226-durable-tri-blade-5-2-prop-choose-your,3,5.2,5mm,2.6,3.99,,4.0,https://www.racedayquads.com/products/gemfan-freestyle-5226-durable-tri-blade-5-2-prop-4-pack-choose-your-color,
Gemfan,"Freestyle 6030 Tri-Blade 6"" Prop - Choose Your",gemfan-freestyle-6030-tri-blade-6-prop-choose-your,3,6.0,5mm,3.0,4.49,,4.45,https://www.racedayquads.com/products/gemfan-freestyle-6030-tri-blade-6-prop-4-pack-choose-your-color,
Gemfan,"Freestyle4 5.1"" 3-Blade - Mango",gemfan-freestyle4-5-1-3-blade-mango,3,5.1,5mm,3.6,3.99,,3.6,https://www.racedayquads.com/products/gemfan-freestyle4-5-1-3-blade-propeller-set-of-4-mango-yellow,
Gemfan,"Fury 5128.0 Tri-Blade 5"" Prop - Choose your",gemfan-fury-5128-0-tri-blade-5-prop-choose-your,5,5.0,5mm,2.8,3.99,,4.3,https://www.racedayquads.com/products/gemfan-fury-5128-0-tri-blade-5-prop-4-pack-choose-your-color,
Gemfan,"Fury 5131.0 Tri-Blade 5"" Prop",gemfan-fury-5131-0-tri-blade-5-prop,3,5.1,5mm,3.1,3.99,,4.2,https://www.racedayquads.com/products/gemfan-fury-5131-0-tri-blade-clear-gray,
Gemfan,"Hurricane 2023 Tri-Blade 2"" Prop (1.5mm) - Choose Your",gemfan-hurricane-2023-tri-blade-2-prop-1-5mm-choose-your,3,2.0,1.5mm,2.3,2.99,,0.87,https://www.racedayquads.com/products/gemfan-hurricane-2023-tri-blade-2-prop-8-pack-1-5mm-choose-your-color,
Gemfan,"Hurricane 2512 Tri-Blade 2.5"" Prop - Choose Your",gemfan-hurricane-2512-tri-blade-2-5-prop-choose-your,2,2.5,1.5mm,1.2,4.49,,0.8,https://www.racedayquads.com/products/gemfan-hurricane-2512-tri-blade-2-5-prop-8-pack-choose-your-color,
Gemfan,"Hurricane 3016 Durable Tri-Blade 3"" Prop (1.5mm) - Choose Your",gemfan-hurricane-3016-durable-tri-blade-3-prop-1-5mm-choose-your,3,3.0,1.5mm,1.6,2.59,,1.18,https://www.racedayquads.com/products/gemfan-hurricane-3016-durable-tri-blade-3-prop-4-pack-1-5mm-choose-your-color,
Gemfan,"Hurricane 3016 Durable Tri-Blade 3"" Prop (2mm) - Choose Your",gemfan-hurricane-3016-durable-tri-blade-3-prop-2mm-choose-your,3,3.0,2mm,1.6,2.59,,1.18,https://www.racedayquads.com/products/gemfan-hurricane-3016-durable-tri-blade-3-prop-4-pack-2mm-choose-your-color,
Gemfan,"Hurricane 3018 Durable Bi-Blade 3"" Prop (1.5mm) - Choose Your",gemfan-hurricane-3018-durable-bi-blade-3-prop-1-5mm-choose-your,2,3.0,T-mount,1.8,4.99,,0.75,https://www.racedayquads.com/products/gemfan-hurricane-3018-durable-bi-blade-3-prop-8-pack-1-5mm-choose-your-color,
Gemfan,"Hurricane 3018 Durable Bi-Blade 3"" Prop (2mm) - Choose Your",gemfan-hurricane-3018-durable-bi-blade-3-prop-2mm-choose-your,2,3.0,T-mount,1.8,4.99,,0.75,https://www.racedayquads.com/products/gemfan-hurricane-3018-durable-bi-blade-3-prop-8-pack-2mm-choose-your-color,
Gemfan,Hurricane 3020 Durable Tri-Blade Prop - Choose Your,gemfan-hurricane-3020-durable-tri-blade-prop-choose-your,3,3.0,1.5mm,2.0,3.99,,1.3,https://www.racedayquads.com/products/gemfan-hurricane-3020-durable-tri-blade-3-prop-4-pack-choose-your-color,
Gemfan,"Hurricane 3520 Durable Tri-Blade 3.5"" Prop - Choose Your",gemfan-hurricane-3520-durable-tri-blade-3-5-prop-choose-your,3,3.5,T-mount,2.0,3.99,,1.7,https://www.racedayquads.com/products/gemfan-hurricane-3520-durable-tri-blade-3-5-prop-4-pack-choose-your-color,
Gemfan,Hurricane 3630 3-Blade -1.5mm,gemfan-hurricane-3630-3-blade-1-5mm,3,3.6,1.5mm T-mount,3.0,2.69,,2.3,https://www.racedayquads.com/products/gemfan-hurricane-3630-3-blade-propeller-set-of-4-1-5mm,
Gemfan,Hurricane 4023 Durable 3-Blade,gemfan-hurricane-4023-durable-3-blade,3,4.0,2mm T-mount,2.3,3.99,,1.98,https://www.racedayquads.com/products/gemfan-hurricane-4023-durable-3-blade-propeller-set-of-4,
Gemfan,Hurricane 4023 Durable 3-Blade - 1.5mm,gemfan-hurricane-4023-durable-3-blade-1-5mm,3,10.0,1.5mm T-mount,2.3,3.99,,2.05,https://www.racedayquads.com/products/gemfan-hurricane-4023-durable-3-blade-propeller-set-of-4-1-5mm,
Gemfan,"Hurricane 4024 Durable Bi-Blade 4"" Prop - Choose Your",gemfan-hurricane-4024-durable-bi-blade-4-prop-choose-your,2,4.0,T-mount,2.4,4.99,,1.61,https://www.racedayquads.com/products/gemfan-hurricane-4024-durable-bi-blade-4-prop-8-pack-choose-your-color,
Gemfan,"Hurricane 4525 Tri-Blade 4.5"" Prop",gemfan-hurricane-4525-tri-blade-4-5-prop,3,4.5,5mm,2.5,2.99,,2.3,https://www.racedayquads.com/products/gemfan-hurricane-4525-tri-blade-4-5-prop-4-pack-clear-gray,
Gemfan,"Hurricane 4937 Tri-Blade 5"" Prop - Choose",gemfan-hurricane-4937-tri-blade-5-prop-choose,3,4.9,5mm,3.7,3.99,,3.5,https://www.racedayquads.com/products/gemfan-hurricane-4937-tri-blade-5-prop-4-pack-choose-color,
Gemfan,"Hurricane 51433 Durable Tri-Blade 5"" Prop - Choose Your",gemfan-hurricane-51433-durable-tri-blade-5-prop-choose-your,3,5.1,5mm,3.5,4.99,,3.8,https://www.racedayquads.com/products/gemfan-hurricane-51433-durable-tri-blade-5-prop-4-pack-choose-your-color,
Gemfan,"Hurricane 51477 Tri-Blade 5"" Prop - Choose Your",gemfan-hurricane-51477-tri-blade-5-prop-choose-your,3,5.1,5mm (standard),4.7,3.99,,4.15,https://www.racedayquads.com/products/gemfan-hurricane-51477-tri-blade-5-prop-4-pack-choose-your-color,
Gemfan,"Hurricane 5236 Durable Tri-Blade 5.2"" Prop - Choose Your",gemfan-hurricane-5236-durable-tri-blade-5-2-prop-choose-your,3,5.2,5mm,3.6,3.99,,3.9,https://www.racedayquads.com/products/gemfan-hurricane-5236-durable-tri-blade-5-2-prop-choose-your-color,
Gemfan,"Hurricane 6038-4 Quad-Blade 6"" Prop - Choose Your",gemfan-hurricane-6038-4-quad-blade-6-prop-choose-your,6,6.0,5mm (standard),3.8,4.99,,8.2,https://www.racedayquads.com/products/gemfan-hurricane-6038-4-quad-blade-6-prop-4-pack-choose-your-color,
Gemfan,Hurricane 7050 Durable Tri-Blade 7″ Prop – Choose Your,gemfan-hurricane-7050-durable-tri-blade-7-prop-choose-your,7,5.0,5mm,5.0,4.49,,8.9,https://www.racedayquads.com/products/gemfan-hurricane-7050-durable-tri-blade-7-prop-4-pack-choose-your-color,
Gemfan,"Hurricane LR 6026-2 Bi-Blade 6"" Prop (5mm) - Choose Your",gemfan-hurricane-lr-6026-2-bi-blade-6-prop-5mm-choose-your,2,6.0,5mm,2.6,3.99,,3.0,https://www.racedayquads.com/products/gemfan-hurricane-sl-6026-bi-blade-6-prop-4-pack-1-5mm-choose-your-color,
Gemfan,"Hurricane MCK 51466-3 V2 Tri-Blade 5.1"" Prop - Choose",gemfan-hurricane-mck-51466-3-v2-tri-blade-5-1-prop-choose,3,5.1,5mm,3.6,4.99,,4.2,https://www.racedayquads.com/products/gemfan-hurricane-mck-51466-3-v2-tri-blade-5-1-prop-4-pack-choose-color,
Gemfan,"Hurricane MCK Edition 51466 Durable Tri-Blade 5"" Prop - Milk",gemfan-hurricane-mck-edition-51466-durable-tri-blade-5-prop-milk,3,5.1,5mm,4.66,3.29,,4.1,https://www.racedayquads.com/products/gemfan-hurricane-mck-edition-51466-durable-tri-blade-5-prop-4-pack-milk-white,
Gemfan,"Hurricane X 51455 Durable Quad-Blade 5"" Prop - Choose Your",gemfan-hurricane-x-51455-durable-quad-blade-5-prop-choose-your,4,5.1,5mm,4.55,3.29,,5.3,https://www.racedayquads.com/products/gemfan-hurricane-x-51455-durabe-quad-blade-5-prop-4-pack-choose-your-color,
Gemfan,"Long Range 5126-2 Durable Bi-Blade 5"" Prop 1.5mm T-Mount - Choose Your",gemfan-long-range-5126-2-durable-bi-blade-5-prop-1-5mm-t-mount-choose-your,5,5.1,1.5mm T-mount,2.7,2.69,,2.6,https://www.racedayquads.com/products/gemfan-long-range-5126-2-durable-bi-blade-5-prop-4-pack-1-5mm-t-mount-choose-your-color,
Gemfan,"MCK ReV3 51366-3 Durable Tri-Blade 5"" Prop - Choose Your",gemfan-mck-rev3-51366-3-durable-tri-blade-5-prop-choose-your,5,5.1,5mm,2.8,3.99,,4.2,https://www.racedayquads.com/products/gemfan-mck-rev3-51366-durable-tri-blade-5-prop-4-pack-choose-your-color,
Gemfan,Proxy 5127.5 3-Blade,gemfan-proxy-5127-5-3-blade,3,5.0,5mm,2.75,3.99,,4.2,https://www.racedayquads.com/products/gemfan-proxy-5127-5-3-blade-propeller-set-of-4,
Gemfan,"Sbang 4934 Tri-Blade 5"" Prop - Choose Version",gemfan-sbang-4934-tri-blade-5-prop-choose-version,5,4.9,5mm,3.4,2.99,,3.5,https://www.racedayquads.com/products/gemfan-sbang-4943-tri-blade-5-prop-4-pack-choose-version,
Gemfan,"Vannystyle 5136 Tri-Blade 5"" Prop - Choose",gemfan-vannystyle-5136-tri-blade-5-prop-choose,5,5.0,5mm,3.6,3.99,,4.3,https://www.racedayquads.com/products/gemfan-vannystyle-5136-tri-blade-5-prop-4-pack-choose-color,
Gemfan,"WinDancer 3028 Tri-Blade 3"" Prop (5mm/1.5mm Mounting) - Choose Your",gemfan-windancer-3028-tri-blade-3-prop-5mm-1-5mm-mounting-choose-your,1,3.0,T-mount,2.8,2.69,,1.49,https://www.racedayquads.com/products/gemfan-windancer-3028-3-blade-propeller-compatible-5mm-1-5mm-mounting-hole,
Gemfan,"WinDancer 5043S POPO Compatible Tri-Blade 5"" Prop - Skitzo Galaxy Limited",gemfan-windancer-5043s-popo-compatible-tri-blade-5-prop-skitzo-galaxy-limited,3,5.0,5mm,4.3,5.99,,4.1,https://www.racedayquads.com/products/gemfan-windancer-5043s-popo-compatible-tri-blade-5-prop-4-pack-skitzo-galaxy-limited-edition,
HQProp,13x6.5x3 3-Blade,hqprop-13x6-5x3-3-blade,3,13.0,6mm,6.5,32.99,,48.8,https://www.racedayquads.com/products/hqprop-13x6-5x3-3-blade-propeller-set-of-2-black,
HQProp,13x8x3 3-Blade,hqprop-13x8x3-3-blade,3,13.0,6mm,8.0,32.99,,38.6,https://www.racedayquads.com/products/hqprop-13x8x3-3-blade-propeller-set-of-2-black,
HQProp,15x7x3 3-Blade - CW,hqprop-15x7x3-3-blade-cw,3,15.0,5mm (standard),7.0,13.99,,56.0,https://www.racedayquads.com/products/hqprop-15x7x3-3-blade-propeller-cw,
HQProp,15x7x3 Tri-Blade - CCW,hqprop-15x7x3-tri-blade-ccw,3,15.0,5mm (standard),7.0,13.99,,56.0,https://www.racedayquads.com/products/hqprop-15x7x3-tri-blade-propeller-ccw,
HQProp,16X8X3 3-Blade,hqprop-16x8x3-3-blade,3,16.0,6mm,8.0,18.49,,66.5,https://www.racedayquads.com/products/hqprop-16x8x3-3-blade-propeller-set-of-2,
HQProp,17x8x3 3-Blade,hqprop-17x8x3-3-blade,3,17.0,6mm,8.0,40.49,,70.0,https://www.racedayquads.com/products/hqprop-17x8x3-3-blade-propeller-set-of-2-black,
HQProp,5x4.3x3 V1S,hqprop-5x4-3x3-v1s,3,5,5mm shaft,4.3,,"2206/2207/2306 motors, 1700-2700KV depending on cells",4.1,,SEED DATA — verify against manufacturer page before launch
HQProp,8x3.7x3 3-Blade,hqprop-8x3-7x3-3-blade,3,8.0,5mm,3.7,11.49,,12.0,https://www.racedayquads.com/products/hqprop-8x3-7x3-3-blade-propeller-set-of-4-gray,
HQProp,8x4x3 3-Blade,hqprop-8x4x3-3-blade,3,8.0,5mm,4.0,11.99,,13.0,https://www.racedayquads.com/products/hqprop-8x4x3-3-blade-propeller-set-of-4,
HQProp,Cine8 8x4.5x3 3-Blade,hqprop-cine8-8x4-5x3-3-blade,3,8.0,5mm,4.5,16.99,,13.0,https://www.racedayquads.com/products/hqprop-cine8-8x4-5x3-3-blade-propeller-set-of-4,
HQProp,DP 6x3x3 V1S,hqprop-dp-6x3x3-v1s,3,6.0,5mm,3.0,5.49,,6.0,https://www.racedayquads.com/products/hqprop-dp-6x3x3-v1s-propeller-set-of-4-light-blue,
HQProp,"Duct T63MMX6 Hexa-Blade 2.5"" Cinewhoop Prop",hqprop-duct-t63mmx6-hexa-blade-2-5-cinewhoop-prop,6,2.5,1.5mm,1.5,2.49,,1.85,https://www.racedayquads.com/products/hqprop-durable-t63mmx6-hexa-blade-63mm-cinewhoop-prop-4-pack-light-gray,
HQProp,"Ethix P2 Pickle 5.1"" 3-Blade",hqprop-ethix-p2-pickle-5-1-3-blade,3,5.1,5mm,2.9,5.49,,3.8,https://www.racedayquads.com/products/hqprop-ethix-p2-pickle-5-1-3-blade-propeller-set-of-4,
HQProp,FlowerPig R29V3 3-Blade,hqprop-flowerpig-r29v3-3-blade,3,5.1,5mm,2.9,2.99,,4.4,https://www.racedayquads.com/products/hqprop-flowerpig-r29v3-3-blade-propeller-set-of-4,
HQProp,FlowerPig R29V4 3-Blade,hqprop-flowerpig-r29v4-3-blade,3,5.1,5mm,2.9,2.99,,4.3,https://www.racedayquads.com/products/hqprop-flowerpig-r29v4-3-blade-propeller-set-of-4-pink,
HQProp,"HQ Prop 3.5x2.2x3 Tri-Blade 3.5"" Prop",hqprop-hq-prop-3-5x2-2x3-tri-blade-3-5-prop,3,3.5,5mm,2.2,3.49,,1.6,https://www.racedayquads.com/products/hq-prop-3528-3-5x2-8x3-tri-blade-3-5-prop-4-pack-grey-1,
HQProp,"HQ Prop 3.5x2.8x3 Tri-Blade 3.5"" Prop",hqprop-hq-prop-3-5x2-8x3-tri-blade-3-5-prop,3,3.5,5mm,2.8,3.49,,1.7,https://www.racedayquads.com/products/hq-prop-3528-3-5x2-8x3-tri-blade-3-5-prop-4-pack-grey,
HQProp,HQ Prop 40MMX2 Ultralight Bi-Blade 40mm Micro/Whoop Prop,hqprop-hq-prop-40mmx2-ultralight-bi-blade-40mm-micro-whoop-prop,2,1.6,1mm,1.2,2.99,,0.2,https://www.racedayquads.com/products/hq-40mmx2-ultralight-bi-blade-40mm-micro-whoop-prop-4-pack-grey,
HQProp,"HQ Prop 4x3x3 Tri-Blade 4"" Prop Pack",hqprop-hq-prop-4x3x3-tri-blade-4-prop-pack,3,4.0,5mm,3.0,2.99,,2.2,https://www.racedayquads.com/products/hqprop-4x3x3-tri-blade-durable-prop-light-purple,
HQProp,"HQ Prop 5.1x4.1x3 POPO Compatible Tri-Blade 5"" Prop - Choose Your",hqprop-hq-prop-5-1x4-1x3-popo-compatible-tri-blade-5-prop-choose-your,3,5.1,5mm (standard),4.1,4.49,,4.75,https://www.racedayquads.com/products/hq-5-1x4-1x3-5-prop-popo-compatible,
HQProp,"HQ Prop 5.2x3.2x3 Tri-Blade 5"" Prop",hqprop-hq-prop-5-2x3-2x3-tri-blade-5-prop,3,5.0,5mm,3.2,4.49,,3.5,https://www.racedayquads.com/products/hq-prop-5232-5-2x3-2x3-tri-blade-5-prop-4-pack-grey,
HQProp,"HQ Prop 5.5X2.2X3 Tri-Blade 5.5"" Prop",hqprop-hq-prop-5-5x2-2x3-tri-blade-5-5-prop,3,5.5,5mm,2.2,4.99,,4.6,https://www.racedayquads.com/products/hq-prop-5-5x2-2x3-tri-blade-5-5-prop,
HQProp,"HQ Prop 5135 V2（R35 V2）5.1x3.5x3 Tri-Blade 5"" Prop - Choose Your",hqprop-hq-prop-5135-v2-r35-v2-5-1x3-5x3-tri-blade-5-prop-choose-your,3,5.1,5mm,3.5,3.99,,4.2,https://www.racedayquads.com/products/hq-prop-5135v2-r35v2-5-1x3-5x3-tri-blade-5-prop-4-pack-choose-your-color,
HQProp,"HQ Prop 51MMX2 Ultralight Bi-Blade 2"" (51mm) Micro/Whoop Prop",hqprop-hq-prop-51mmx2-ultralight-bi-blade-2-51mm-micro-whoop-prop,2,2.0,1mm,0.9,2.99,,0.23,https://www.racedayquads.com/products/draft-hq-ultralight-prop-51mmx2-1mm-shaft-bi-blade-4-pack-grey,
HQProp,"HQ Prop 5535 5.5x3.5x3 V2 Tri-Blade 5"" Prop",hqprop-hq-prop-5535-5-5x3-5x3-v2-tri-blade-5-prop,3,5.0,5mm,3.5,4.49,,4.6,https://www.racedayquads.com/products/hq-prop-5535-5-5x3-5x3-v2-tri-blade-5-prop-4-pack-grey,
HQProp,"HQ Prop 5x4.3x3 V1S Tri-Blade 5"" Prop - Choose Your",hqprop-hq-prop-5x4-3x3-v1s-tri-blade-5-prop-choose-your,3,5.0,5mm,4.3,3.69,,3.75,https://www.racedayquads.com/products/hq-v1s-5x4-3x3-5-prop-choose-your-color,
HQProp,"HQ Prop 5x4.5x3 V1S Tri-Blade 5"" Prop - Choose Your",hqprop-hq-prop-5x4-5x3-v1s-tri-blade-5-prop-choose-your,3,5.0,5mm,4.5,1.35,,4.19,https://www.racedayquads.com/products/hq-v1s-5x4-5x3-5-prop-choose-your-color,
HQProp,"HQ Prop 5x4x6 Hex-Blade 5"" Prop",hqprop-hq-prop-5x4x6-hex-blade-5-prop,6,5.0,5mm,4.0,4.99,,9.45,https://www.racedayquads.com/products/hq-prop-5x4x6-hex-blade-5-prop-4-pack-light-grey,
HQProp,"HQ Prop 6x3x3 Tri-Blade 6"" Prop - Choose Your",hqprop-hq-prop-6x3x3-tri-blade-6-prop-choose-your,3,6.0,5mm,3.0,4.99,,5.4,https://www.racedayquads.com/products/hq-prop-6x3x3-tri-blade-6-prop-4-pack-choose-your-color,
HQProp,"HQ Prop 6x3x3 V1S Tri-Blade 6"" Prop",hqprop-hq-prop-6x3x3-v1s-tri-blade-6-prop,3,6.0,5mm,3.0,4.49,,5.87,https://www.racedayquads.com/products/hq-6x3x3-v1s-6-prop-choose-your-color,
HQProp,"HQ Prop 6x4.3x2 Bi-Blade 6"" Prop",hqprop-hq-prop-6x4-3x2-bi-blade-6-prop,2,6.0,5mm,4.3,4.49,,4.7,https://www.racedayquads.com/products/hq-prop-6043-6x4-3x2-bi-blade-6-prop-4-pack-grey,
HQProp,"HQ Prop 6x4.5x3 Tri-Blade 6"" Prop",hqprop-hq-prop-6x4-5x3-tri-blade-6-prop,3,6.0,5mm,4.5,4.49,,7.5,https://www.racedayquads.com/products/hq-prop-6x4-5x3-tri-blade-6-prop-4-pack-gray,
HQProp,"HQ Prop 7.5x3.7x3 Tri-Blade 7.5"" Prop",hqprop-hq-prop-7-5x3-7x3-tri-blade-7-5-prop,3,7.5,5mm,3.7,5.99,,9.4,https://www.racedayquads.com/products/hq-prop-7-5x3-7x3-tri-blade-7-5-prop-4-pack-gray,
HQProp,"HQ Prop 75mm Cinewhoop 2.95x3.6x3 Tri-Blade 3"" Prop",hqprop-hq-prop-75mm-cinewhoop-2-95x3-6x3-tri-blade-3-prop,3,2.95,5mm,3.6,3.49,,1.95,https://www.racedayquads.com/products/hq-prop-75mm-cinewhoop-2-95x3-6x3-tri-blade-3-prop-4-pack-grey,
HQProp,"HQ Prop 7x4.5x2 Durable Bi-Blade 7"" Prop",hqprop-hq-prop-7x4-5x2-durable-bi-blade-7-prop,2,7.0,5mm,4.5,4.99,,6.6,https://www.racedayquads.com/products/hq-prop-7x4-5x2-durable-bi-blade-7-prop-4-pack-grey-1,
HQProp,"HQ Prop 7x5.5x2 Bi-Blade 7"" Prop",hqprop-hq-prop-7x5-5x2-bi-blade-7-prop,2,7.0,5mm,5.5,4.99,,6.4,https://www.racedayquads.com/products/hq-prop-7x5-5x2-bi-blade-7-prop-4-pack-light-grey,
HQProp,"HQ Prop 8x3.7x3 Tri-Blade 8"" Prop",hqprop-hq-prop-8x3-7x3-tri-blade-8-prop,3,8.0,5mm,3.7,7.49,,12.0,https://www.racedayquads.com/products/hq-prop-8x3-7x3-tri-blade-8-prop-2-pack-gray,
HQProp,"HQ Prop 8x5 Bi-Blade 8"" Prop",hqprop-hq-prop-8x5-bi-blade-8-prop,2,8.0,5mm,5.0,5.99,,10.0,https://www.racedayquads.com/products/hq-prop-8x5-bi-blade-8-prop-4-pack-light-gray,
HQProp,"HQ Prop Cine8 8x4.5x3 Tri-Blade 8"" Prop",hqprop-hq-prop-cine8-8x4-5x3-tri-blade-8-prop,3,8.0,5mm,4.5,8.49,,13.0,https://www.racedayquads.com/products/hq-prop-cine8-8x4-5x3-tri-blade-8-prop-2-pack-black,
HQProp,"HQ Prop D4x5x3 Tri-Blade 4"" Cinewhoop Prop",hqprop-hq-prop-d4x5x3-tri-blade-4-cinewhoop-prop,3,4.0,5mm,5.0,3.99,,4.6,https://www.racedayquads.com/products/hq-prop-d4x5x3-tri-blade-4-cinewhoop-prop-4-pack-gray,
HQProp,"HQ Prop D5.1x5x3 Tri-Blade 5"" Prop for Cinequads",hqprop-hq-prop-d5-1x5x3-tri-blade-5-prop-for-cinequads,3,5.1,5mm,5.0,4.99,,5.0,https://www.racedayquads.com/products/hq-prop-d5-1x5x3-tri-blade-5-prop-for-cinequads-4-pack-grey,
HQProp,"HQ Prop D76MM Tri-Blade 3"" Cinewhoop Prop",hqprop-hq-prop-d76mm-tri-blade-3-cinewhoop-prop,3,3.0,5mm,3.0,2.79,,2.0,https://www.racedayquads.com/products/hq-prop-d76mm-3-cinewhoop-tri-blade-prop-4-pack-gray,
HQProp,"HQ Prop DP 5.1x2.5x3 Tri-Blade 5"" Prop",hqprop-hq-prop-dp-5-1x2-5x3-tri-blade-5-prop,3,5.1,5mm,2.5,3.99,,3.1,https://www.racedayquads.com/products/hq-prop-dp-5-1x2-5x3-tri-blade-5-prop-4-pack-grey,
HQProp,"HQ Prop DT2.9x2.5x4 Quad-Blade 2.9"" Prop for the DJI Avata - Choose Your",hqprop-hq-prop-dt2-9x2-5x4-quad-blade-2-9-prop-for-the-dji-avata-choose-your,4,2.9,2mm,2.5,1.0,,2.15,https://www.racedayquads.com/products/hq-prop-dt2-9x2-5x4-quad-blade-2-9-prop-4-pack-for-the-dji-avata-choose-your-color,
HQProp,"HQ Prop DT2.9x2.7x3 Tri-Blade 2.9"" Prop for the DJI Avata - Choose Your",hqprop-hq-prop-dt2-9x2-7x3-tri-blade-2-9-prop-for-the-dji-avata-choose-your,3,2.9,2mm,2.7,4.99,,1.7,https://www.racedayquads.com/products/hq-prop-dt2-9x2-7x3-tri-blade-2-9-prop-4-pack-for-the-dji-avata-choose-your-color,
HQProp,"HQ Prop DT90MMX3 Tri-Blade 3.5"" Cinewhoop Prop",hqprop-hq-prop-dt90mmx3-tri-blade-3-5-cinewhoop-prop,3,3.5,1.5mm,3.0,3.99,,2.35,https://www.racedayquads.com/products/hq-prop-t90mmx3-tri-blade-3-5-cinewhoop-prop-4-pack-gray,
HQProp,"HQ Prop DT90MMX4 Quad-Blade 3.5"" Cinewhoop Prop - Choose Your",hqprop-hq-prop-dt90mmx4-quad-blade-3-5-cinewhoop-prop-choose-your,4,3.5,1.5mm,3.0,3.49,,2.9,https://www.racedayquads.com/products/hq-prop-dt90mmx4-quad-blade-3-5-cinewhoop-prop-4-pack-gray,
HQProp,"HQ Prop Duct 75mm Cinewhoop Hexa-Blade 3"" Prop",hqprop-hq-prop-duct-75mm-cinewhoop-hexa-blade-3-prop,6,2.95,5mm,3.0,2.79,,2.6,https://www.racedayquads.com/products/hq-prop-duct-75mm-cinewhoop-hexa-blade-3-prop-4-pack-grey,
HQProp,"HQ Prop Duct 75mm Cinewhoop Penta-Blade 3"" Prop",hqprop-hq-prop-duct-75mm-cinewhoop-penta-blade-3-prop,5,3.0,1.5mm,3.0,3.49,,2.35,https://www.racedayquads.com/products/hq-prop-duct-75mm-cinewhoop-penta-blade-3-prop-4-pack-grey,
HQProp,"HQ Prop Duct 76MMX8 Octa-Blade 3"" Prop",hqprop-hq-prop-duct-76mmx8-octa-blade-3-prop,8,3.0,5mm,3.0,3.99,,3.1,https://www.racedayquads.com/products/hq-prop-duct-76mmx8-octa-blade-76mm-cinewhoop-prop-4-pack-gray,
HQProp,"HQ Prop Duct 89MMX8 Octa-Blade 3.5"" Cinewhoop Prop",hqprop-hq-prop-duct-89mmx8-octa-blade-3-5-cinewhoop-prop,8,3.5,5mm,3.0,3.99,,3.9,https://www.racedayquads.com/products/hq-prop-duct-89mmx8-octa-blade-3-5-cinewhoop-prop-4-pack-gray,
HQProp,"HQ Prop Duct T63MMX3 Tri-Blade 2.5"" Cinewhoop Prop",hqprop-hq-prop-duct-t63mmx3-tri-blade-2-5-cinewhoop-prop,3,2.5,1.5mm,1.5,1.89,,1.4,https://www.racedayquads.com/products/hqprop-durable-t63mmx3-tri-blade-63mm-cinewhoop-prop-4-pack-light-gray,
HQProp,"HQ Prop Durable 2.9x2.9x4 Quad-Blade 3"" Prop",hqprop-hq-prop-durable-2-9x2-9x4-quad-blade-3-prop,4,2.9,5mm,2.9,3.99,,1.77,https://www.racedayquads.com/products/hq-prop-durable-2-9x2-9x4-quad-blade-3-prop-4-pack,
HQProp,"HQ Prop Durable 4x2.5 Bi-Blade 4"" Prop",hqprop-hq-prop-durable-4x2-5-bi-blade-4-prop,2,4.0,T-mount,2.5,3.99,,1.7,https://www.racedayquads.com/products/hq-prop-durable-4x2-5-bi-blade-4-prop-4-pack-gray,
HQProp,"HQ Prop Durable 5.1x3.6x3 Tri-Blade 5"" Prop",hqprop-hq-prop-durable-5-1x3-6x3-tri-blade-5-prop,3,5.1,5mm (standard),3.6,4.99,,4.6,https://www.racedayquads.com/products/hq-durable-prop-5-1x3-6x3-tri-blade-5-prop-4-pack,
HQProp,"HQ Prop Durable 7X3.5X3 Tri-Blade 7"" Prop",hqprop-hq-prop-durable-7x3-5x3-tri-blade-7-prop,3,7.0,5mm,3.5,4.99,,8.8,https://www.racedayquads.com/products/hq-prop-durable-7x3-5x3-tri-blade-7-prop-4-pack,
HQProp,"HQ Prop Durable 7x4x3 Tri-Blade 7"" Prop",hqprop-hq-prop-durable-7x4x3-tri-blade-7-prop,3,7.0,5mm,4.0,4.99,,9.1,https://pyrodrone.com/products/hq-7x4x3-2cw-2ccw|https://www.racedayquads.com/products/hq-durable-7x4x3-tri-blade-7-prop-4-pack,
HQProp,"HQ Prop Durable Prop 4X4.3X3 V1S Tri-Blade 4"" Prop - Choose Your",hqprop-hq-prop-durable-prop-4x4-3x3-v1s-tri-blade-4-prop-choose-your,3,4.0,5mm,4.3,2.79,,2.24,https://www.racedayquads.com/products/hq-prop-durable-prop-4x4-3x3-v1s-tri-blade-4-prop-4-pack-choose-your-color,
HQProp,"HQ Prop Durable T2x2x4 Quad-Blade 2"" Prop",hqprop-hq-prop-durable-t2x2x4-quad-blade-2-prop,4,2.0,1.4mm,2.0,2.49,,0.8,https://www.racedayquads.com/products/hq-prop-durable-t2x2x4-quad-blade-2-prop-4-pack,
HQProp,"HQ Prop Durable T4x2.5 Bi-Blade 4"" Prop",hqprop-hq-prop-durable-t4x2-5-bi-blade-4-prop,2,4.0,T-mount,2.5,3.99,,1.45,https://www.racedayquads.com/products/hq-prop-durable-t4x2-5-bi-blade-4-prop-4-pack,
HQProp,"HQ Prop Durable T4x2x3 Tri-Blade 4"" Prop",hqprop-hq-prop-durable-t4x2x3-tri-blade-4-prop,3,4.0,1.4mm,2.0,3.99,,2.0,https://www.racedayquads.com/products/hq-prop-durable-t4x2x3-bi-blade-4-prop-4-pack,
HQProp,"HQ Prop ETHIX K2 6x4x2 Durable Bi-Blade 6"" Prop - Bubble Gum",hqprop-hq-prop-ethix-k2-6x4x2-durable-bi-blade-6-prop-bubble-gum,2,6.0,5mm,4.0,4.99,,5.1,https://www.racedayquads.com/products/hq-prop-ethix-k2-6x4x2-durable-bi-blade-6-prop-4-pack-bubble-gum,
HQProp,"HQ Prop ETHIX P3.3 5.1x3.3x3 Tri-Blade 5"" Prop - Mango Lassi",hqprop-hq-prop-ethix-p3-3-5-1x3-3x3-tri-blade-5-prop-mango-lassi,3,5.1,5mm,3.3,4.49,,3.5,https://www.racedayquads.com/products/hq-prop-ethix-5-1x3-3x3-tri-blade-5-prop-4-pack-mango-lassi,
HQProp,"HQ Prop ETHIX P3.5 5.1x3.5x3 Tri-Blade 5"" Prop - RAD Berry",hqprop-hq-prop-ethix-p3-5-5-1x3-5x3-tri-blade-5-prop-rad-berry,3,5.1,5mm,3.5,4.99,,3.5,https://www.racedayquads.com/products/hq-prop-ethix-rad-berry-5-1x3-5x3-tri-blade-5-prop-4-pack,
HQProp,"HQ Prop ETHIX P4 5.1x4x3 Tri-Blade 5"" Prop - Candy Cane",hqprop-hq-prop-ethix-p4-5-1x4x3-tri-blade-5-prop-candy-cane,3,5.1,5mm,4.0,4.99,,3.8,https://www.racedayquads.com/products/hq-prop-ethix-p4-5-1x4x3-tri-blade-5-prop-4-pack-candy-cane,
HQProp,"HQ Prop ETHIX S3 5x3.1x3 Tri-Blade 5"" Prop - Watermelon",hqprop-hq-prop-ethix-s3-5x3-1x3-tri-blade-5-prop-watermelon,3,5.0,5mm,3.1,4.99,,3.6,https://www.racedayquads.com/products/hq-ethix-s3-watermelon-props,
HQProp,"HQ Prop ETHIX S4 5x3.7x3 Tri-Blade 5"" Prop - Lemon",hqprop-hq-prop-ethix-s4-5x3-7x3-tri-blade-5-prop-lemon,3,5.0,5mm,3.7,4.99,,3.6,https://www.racedayquads.com/products/hq-prop-ethix-s4-5x3-7x3-tri-blade-5-prop-4-pack-lemon-lime,
HQProp,"HQ Prop ETHIX S5 5x4x3 Tri-Blade 5"" Prop",hqprop-hq-prop-ethix-s5-5x4x3-tri-blade-5-prop,3,5.0,5mm,4.0,4.99,,3.7,https://www.racedayquads.com/products/hq-prop-ethix-s5-5x4x3-tri-blade-5-prop-4-pack-light-grey,
HQProp,"HQ Prop HeadsUp Racing R38C Tri-Blade 4.9"" Prop",hqprop-hq-prop-headsup-racing-r38c-tri-blade-4-9-prop,3,4.9,5mm,4.0,4.99,,4.2,https://www.racedayquads.com/products/hq-prop-headsup-racing-r38c-tri-blade-4-9-prop-4-pack,
HQProp,"HQ Prop J75 7x5x3 Tri-Blade 7"" Prop",hqprop-hq-prop-j75-7x5x3-tri-blade-7-prop,3,7.0,5mm,5.0,4.99,,8.8,https://www.racedayquads.com/products/hq-prop-j75-7x5x3-tri-blade-7-prop-4-pack-gray,
HQProp,"HQ Prop Juicy Prop J37 4.9"" Prop - Choose Your",hqprop-hq-prop-juicy-prop-j37-4-9-prop-choose-your,3,4.9,5mm,3.7,3.49,,3.4,https://www.racedayquads.com/products/hq-prop-juicy-prop-j37-4-9-prop-4-pack-choose-your-color,
HQProp,"HQ Prop Juicy Prop J40 5.1"" Tri-Blade Prop - Choose Your",hqprop-hq-prop-juicy-prop-j40-5-1-tri-blade-prop-choose-your,4,5.1,5mm,4.0,3.49,,3.4,https://www.racedayquads.com/products/hq-prop-juicy-prop-j40-5-1-prop-4-pack-choose-your-color,
HQProp,"HQ Prop MacroQuad 10x4.5x3 Tri-Blade 10"" Glass Fiber Nylon Prop - CCW ()",hqprop-hq-prop-macroquad-10x4-5x3-tri-blade-10-glass-fiber-nylon-prop-ccw,3,10.0,5mm,4.5,5.99,,23.8,https://www.racedayquads.com/products/hq-prop-macroquad-prop-10x4-5x3r-tri-blade-10-glass-fiber-nylon-prop-ccw-1pc,
HQProp,"HQ Prop MacroQuad 10x4.5x3R Tri-Blade 10"" Glass Fiber Nylon Prop - CW ()",hqprop-hq-prop-macroquad-10x4-5x3r-tri-blade-10-glass-fiber-nylon-prop-cw,3,10.0,5mm,4.0,5.99,,23.8,https://www.racedayquads.com/products/hq-prop-macroquad-prop-10x4-5x3r-tri-blade-10-glass-fiber-nylon-prop-cw-1pc,
HQProp,"HQ Prop MacroQuad 10x5x3 Tri-Blade 10"" Glass Reinforced Prop - CCW ()",hqprop-hq-prop-macroquad-10x5x3-tri-blade-10-glass-reinforced-prop-ccw,3,10.0,5mm,5.0,5.99,,23.3,https://www.racedayquads.com/products/hq-prop-macroquad-10x5x3-tri-blade-10-glass-reinforced-prop-ccw,
HQProp,"HQ Prop MacroQuad 10x5x3R Tri-Blade 10"" Glass Reinforced Prop - CW ()",hqprop-hq-prop-macroquad-10x5x3r-tri-blade-10-glass-reinforced-prop-cw,3,10.0,5mm,5.0,5.99,,23.3,https://www.racedayquads.com/products/hq-prop-macroquad-10x5x3r-tri-blade-10-carbon-reinforced-prop-cw,
HQProp,"HQ Prop MacroQuad 7x4.5 Bi-Blade 7"" Glass Fiber Nylon Prop - CCW ()",hqprop-hq-prop-macroquad-7x4-5-bi-blade-7-glass-fiber-nylon-prop-ccw,2,7.0,5mm,4.5,2.99,,6.8,https://www.racedayquads.com/products/hq-prop-macroquad-7x4-5-bi-blade-7-glass-fiber-nylon-prop-ccw-1pc,
HQProp,"HQ Prop MacroQuad 7x4.5x3 Tri-Blade 7"" Glass Reinforced Prop - CCW ()",hqprop-hq-prop-macroquad-7x4-5x3-tri-blade-7-glass-reinforced-prop-ccw,3,7.0,5mm,4.5,3.99,,9.0,https://www.racedayquads.com/products/hq-prop-macroquad-7x4-5x3-tri-blade-7-glass-reinforced-prop-ccw-1pc,
HQProp,"HQ Prop MacroQuad 8x4.3x3 Tri-Blade 8"" Glass Reinforced Prop - CCW ()",hqprop-hq-prop-macroquad-8x4-3x3-tri-blade-8-glass-reinforced-prop-ccw,3,8.0,5mm,4.3,4.99,,13.5,https://www.racedayquads.com/products/hq-prop-macroquad-8x4-3x3-tri-blade-8-glass-reinforced-prop-ccw-1pc,
HQProp,"HQ Prop MacroQuad 8x4.5x3 Tri-Blade 8"" Carbon or Glass Reinforced Prop - CCW ()",hqprop-hq-prop-macroquad-8x4-5x3-tri-blade-8-carbon-or-glass-reinforced-prop-ccw,3,8.0,5mm,4.5,4.99,,15.5,https://www.racedayquads.com/products/hq-prop-macroquad-8x4-5x3-tri-blade-8-carbon-reinforced-prop-ccw,
HQProp,"HQ Prop MacroQuad 8x4.5x3R Tri-Blade 8"" Glass Reinforced Prop - CW ()",hqprop-hq-prop-macroquad-8x4-5x3r-tri-blade-8-glass-reinforced-prop-cw,3,8.0,5mm,4.0,3.89,,15.5,https://www.racedayquads.com/products/hq-prop-macroquad-8x4-5x3r-8-tri-blade-carbon-reinforced-prop-cw,
HQProp,"HQ Prop MacroQuad 8x4x3 Tri-Blade 8"" Glass Fiber Nylon Prop - CW ()",hqprop-hq-prop-macroquad-8x4x3-tri-blade-8-glass-fiber-nylon-prop-cw,3,8.0,5mm,4.0,4.99,,12.8,https://www.racedayquads.com/products/hq-prop-macroquad-8x4x3-tri-blade-8-glass-fiber-nylon-prop-cw-1pc,
HQProp,"HQ Prop MacroQuad 9x5x3R Tri-Blade 9"" Glass Reinforced Prop - CW ()",hqprop-hq-prop-macroquad-9x5x3r-tri-blade-9-glass-reinforced-prop-cw,3,9.0,5mm,5.0,5.99,,17.4,https://www.racedayquads.com/products/hq-prop-macroquad-9x5x3r-tri-blade-9-glass-reinforced-prop-cw,
HQProp,"HQ Prop MacroQuad Prop 7x4.5 Bi-Blade 7"" Glass Fiber Nylon Prop - CW ()",hqprop-hq-prop-macroquad-prop-7x4-5-bi-blade-7-glass-fiber-nylon-prop-cw,2,7.0,5mm,4.5,2.99,,6.8,https://www.racedayquads.com/products/hq-prop-macroquad-prop-7x4-5-bi-blade-7-glass-fiber-nylon-prop-cw-1pc,
HQProp,"HQ Prop PizzaCutters 5x3.7x3 Tri-Blade 5"" Prop - Choose",hqprop-hq-prop-pizzacutters-5x3-7x3-tri-blade-5-prop-choose,3,5.0,5mm,3.7,3.49,,4.0,https://www.racedayquads.com/products/hq-prop-pizzacutters-5037-5x3-7x3-tri-blade-5-prop-4-pack-choose-color,
HQProp,"HQ Prop R35 5.1x3.5x3 Tri-Blade 5"" Prop - Choose",hqprop-hq-prop-r35-5-1x3-5x3-tri-blade-5-prop-choose,3,5.1,5mm,3.5,3.39,,4.18,https://www.racedayquads.com/products/hq-prop-r35-5-1x3-5x3-tri-blade-5-prop-4-pack-gray,
HQProp,"HQ Prop R36 5.1x3.6x3 Tri-Blade 5.1"" Racing Prop - Choose Your",hqprop-hq-prop-r36-5-1x3-6x3-tri-blade-5-1-racing-prop-choose-your,3,5.1,5mm,3.6,4.99,,4.1,https://www.racedayquads.com/products/hq-prop-r36-racing-propeller-5-1x3-6x3-tri-blade-5-1-prop-4-pack-choose-your-color,
HQProp,"HQ Prop R36 5.1x3.6x3 Tri-Blade 5"" Prop - Spinnaker",hqprop-hq-prop-r36-5-1x3-6x3-tri-blade-5-prop-spinnaker,3,5.1,5mm,3.6,3.99,,4.1,https://www.racedayquads.com/products/hq-prop-r36-5136-5-1x3-6x3-tri-blade-5-prop-4-pack-spinnaker,
HQProp,"HQ Prop R37 5.1x3.7x3 Tri-Blade 5.1"" Racing Prop - Choose Your",hqprop-hq-prop-r37-5-1x3-7x3-tri-blade-5-1-racing-prop-choose-your,3,5.1,5mm,3.7,4.99,,4.1,https://www.racedayquads.com/products/hq-prop-r37-5-1x3-7x3-tri-blade-5-1-racing-prop-4-pack-choose-your-color,
HQProp,"HQ Prop R37 5.1x3.7x3 Tri-Blade 5"" Prop - Stickman",hqprop-hq-prop-r37-5-1x3-7x3-tri-blade-5-prop-stickman,3,5.1,5mm,3.7,3.99,,4.1,https://www.racedayquads.com/products/hq-prop-r37-5137-5-1x3-7x3-tri-blade-5-prop-4-pack-spinnaker-pink,
HQProp,"HQ Prop R38 HeadsUp Racing 5.1x3.8x3 Tri-Blade 5"" Prop - Choose Your",hqprop-hq-prop-r38-headsup-racing-5-1x3-8x3-tri-blade-5-prop-choose-your,3,5.1,5mm,3.8,4.49,,4.4,https://www.racedayquads.com/products/hq-prop-r38-headsup-racing-5-1x3-8x3-tri-blade-5-prop-4-pack,
HQProp,"HQ Prop R42 5.1x4.2x3 5"" Tri-Blade Prop",hqprop-hq-prop-r42-5-1x4-2x3-5-tri-blade-prop,3,5.1,5mm,4.2,4.49,,4.9,https://www.racedayquads.com/products/hq-prop-r42-5-1x4-2x3-5-tri-blade-prop-4-pack-grey,
HQProp,"HQ Prop T3.5x2.2x2 Bi-Blade 3.5"" Prop",hqprop-hq-prop-t3-5x2-2x2-bi-blade-3-5-prop,2,3.5,1.5mm,2.2,4.99,,1.1,https://www.racedayquads.com/products/hq-prop-t3-5x2-2x2-bi-blade-3-5-prop-4-pack-grey,
HQProp,"HQ Prop T3.5x2.5x3 Tri-Blade 3.5"" Prop",hqprop-hq-prop-t3-5x2-5x3-tri-blade-3-5-prop,3,3.5,1.5mm,2.5,3.99,,1.55,https://www.racedayquads.com/products/hq-prop-t3-5x2-5x3-tri-blade-3-5-prop-4-pack-grey,
HQProp,"HQ Prop T3x1.5 Durable Bi-Blade 3"" Prop",hqprop-hq-prop-t3x1-5-durable-bi-blade-3-prop,2,3.0,1.4mm,1.5,2.49,,0.78,https://www.racedayquads.com/products/hq-prop-t3x1-5-durable-bi-blade-3-prop-4-pack-grey,
HQProp,"HQ Prop T3x1.5x3 Durable Tri-Blade 3"" Prop",hqprop-hq-prop-t3x1-5x3-durable-tri-blade-3-prop,3,3.0,1.4mm,1.5,3.99,,1.13,https://www.racedayquads.com/products/hq-prop-t3x1-5x3-durable-tri-blade-3-prop-4-pack-grey,
HQProp,"HQ Prop T3x2.5x3 Durable Tri-Blade 3"" Prop",hqprop-hq-prop-t3x2-5x3-durable-tri-blade-3-prop,3,3.0,T-mount,2.5,2.29,,1.35,https://www.racedayquads.com/products/hq-prop-t3x2-5x3-durable-tri-blade-3-prop-4-pack-grey,
HQProp,"HQ Prop T3x3 Bi-Blade 3"" Prop - Choose Your",hqprop-hq-prop-t3x3-bi-blade-3-prop-choose-your,3,3.0,1.5mm,3.0,2.49,,1.25,https://www.racedayquads.com/products/hq-t3x3-bi-blade-prop-for-3,
HQProp,"HQ Prop T3x3x3 PC Durable Tri-Blade 3"" Prop (3 Hole) - Choose Your",hqprop-hq-prop-t3x3x3-pc-durable-tri-blade-3-prop-3-hole-choose-your,3,3.0,1.5mm,3.0,2.99,,1.48,https://www.racedayquads.com/products/hq-t3x3x3-pc-dp-durable-prop-for-3-three-hole-mount,
HQProp,"HQ Prop T51MMX6 Hexa-Blade 2"" Cinewhoop Prop",hqprop-hq-prop-t51mmx6-hexa-blade-2-cinewhoop-prop,6,2.0,1.5mm,1.5,2.49,,0.94,https://www.racedayquads.com/products/hq-prop-duct-t51mmx6-hexa-blade-51mm-cinewhoop-prop-4-pack-light-gray,
HQProp,"HQ Prop T63MMX8 Octo-Blade 2.5"" T-Mount Prop",hqprop-hq-prop-t63mmx8-octo-blade-2-5-t-mount-prop,8,2.5,T-mount,1.5,2.49,,2.1,https://www.racedayquads.com/products/hq-prop-t63mmx8-octo-blade-t-mount-props-4pack-gray,
HQProp,"HQ Prop T65MMX3 Tri-Blade 2.5"" Prop",hqprop-hq-prop-t65mmx3-tri-blade-2-5-prop,2,2.5,1.4mm,1.5,2.49,,0.8,https://www.racedayquads.com/products/hq-prop-t65mmx3-tri-blade-2-5-prop-4-pack,
HQProp,"HQ Prop T76MM Tri-Blade 3"" Cinewhoop Prop",hqprop-hq-prop-t76mm-tri-blade-3-cinewhoop-prop,3,3.0,1.5mm,3.0,3.49,,2.0,https://www.racedayquads.com/products/hq-prop-t76mm-3-cinewhoop-tri-blade-prop-4-pack-gray,
HQProp,HQ Prop Ultralight 31MMX3 Tri-Blade 31mm Micro/Whoop Prop,hqprop-hq-prop-ultralight-31mmx3-tri-blade-31mm-micro-whoop-prop,3,1.22,1mm,1.0,2.99,,0.27,https://www.racedayquads.com/products/hq-ultralight-whoop-prop-31mmx3-1mm-shaft-tri-blade-4-pack-grey,
HQProp,"HQ Prop Ummagawd 4Play 4.8x3.6x4 Quad-Blade 5"" Prop - Gulf",hqprop-hq-prop-ummagawd-4play-4-8x3-6x4-quad-blade-5-prop-gulf,4,5.0,5mm,3.6,4.99,,4.05,https://www.racedayquads.com/products/hq-prop-ummagawd-4play-4-8x3-6x4-quad-blade-5-prop-4-pack-gulf,
HQProp,"HQ Prop V1S 3x4x3 Tri-Blade 3"" Prop - Choose Your",hqprop-hq-prop-v1s-3x4x3-tri-blade-3-prop-choose-your,3,3.0,5mm,4.0,2.99,,2.05,https://www.racedayquads.com/products/hq-3x4x3-v1s-prop-for-3,
HQProp,"HQ Prop V2S Freestyle 5x4.3x3 Tri-Blade 5"" Prop - Choose Your",hqprop-hq-prop-v2s-freestyle-5x4-3x3-tri-blade-5-prop-choose-your,3,5.0,5mm,4.3,3.99,,3.8,https://www.racedayquads.com/products/hq-prop-v2s-freestyle-5x4-3x3-tri-blade-5-prop-4-pack-choose-your-color,
HQProp,"HQ Prop V2S T2.5x2x3 Durable Tri-Blade 2.5"" Prop",hqprop-hq-prop-v2s-t2-5x2x3-durable-tri-blade-2-5-prop,3,2.5,T-mount,2.0,2.49,,1.2,https://www.racedayquads.com/products/hq-prop-v2s-t2-5x2x3-durable-tri-blade-2-5-prop-4-pack-grey,
HQProp,"Juicy J33 4.9"" 3-Blade",hqprop-juicy-j33-4-9-3-blade,3,4.9,5mm,3.3,5.49,,3.8,https://www.racedayquads.com/products/hqprop-juicy-j33-4-9-3-blade-propeller-set-of-4,
HQProp,Juicy Prop J35 3-Blade,hqprop-juicy-prop-j35-3-blade,3,4.9,5mm,3.5,3.49,,3.6,https://www.racedayquads.com/products/hqprop-juicy-prop-j35-3-blade-propeller-set-of-4,
HQProp,LR10x5x3 3-Blade,hqprop-lr10x5x3-3-blade,3,10.0,5mm,5.0,18.49,,18.1,https://www.racedayquads.com/products/hqprop-lr10x5x3-3-blade-propeller-set-of-4,
HQProp,LR10x6x3 3-Blade,hqprop-lr10x6x3-3-blade,3,10.0,5mm,6.0,18.49,,19.3,https://www.racedayquads.com/products/hqprop-lr10x6x3-3-blade-propeller-set-of-4,
HQProp,MacroQuad 10x4.5x3 3-Blade,hqprop-macroquad-10x4-5x3-3-blade,3,10.0,5mm,4.5,11.99,,23.8,https://www.racedayquads.com/products/hqprop-macroquad-10x4-5x3-3-blade-propeller-set-of-2,
HQProp,MacroQuad 10x5 2-Blade,hqprop-macroquad-10x5-2-blade,2,10.0,5mm,5.0,15.99,,16.0,https://www.racedayquads.com/products/hqprop-macroquad-10x5-2-blade-propeller-set-of-4,
HQProp,MacroQuad 10x5.5x3 3-Blade,hqprop-macroquad-10x5-5x3-3-blade,3,10.0,5mm,5.5,15.99,,27.0,https://www.racedayquads.com/products/hqprop-macroquad-10x5-5x3-3-blade-propeller-set-of-4,
HQProp,MacroQuad 10x5x3 3-Blade,hqprop-macroquad-10x5x3-3-blade,3,10.0,5mm,5.0,18.49,,23.3,https://www.racedayquads.com/products/hqprop-macroquad-10x5x3-3-blade-propeller-set-of-4,
HQProp,MacroQuad 11x4.5x3 3-Blade,hqprop-macroquad-11x4-5x3-3-blade,3,11.0,5mm,4.5,13.99,,32.0,https://www.racedayquads.com/products/hqprop-macroquad-11x4-5x3-3-blade-propeller-set-of-2,
HQProp,MacroQuad 12x7.5x3 3-Blade,hqprop-macroquad-12x7-5x3-3-blade,3,12.0,5mm,7.5,18.49,,36.0,https://www.racedayquads.com/products/hqprop-macroquad-12x7-5x3-3-blade-propeller-set-of-4,
HQProp,MacroQuad 8.5x4x3 3-Blade,hqprop-macroquad-8-5x4x3-3-blade,3,8.5,5mm,4.0,13.99,,15.0,https://www.racedayquads.com/products/hqprop-macroquad-8-5x4x3-3-blade-propeller-set-of-4,
HQProp,MacroQuad 8x4.3x3 3-Blade,hqprop-macroquad-8x4-3x3-3-blade,3,8.0,5mm,4.3,15.99,,13.5,https://www.racedayquads.com/products/hqprop-macroquad-8x4-3x3-3-blade-propeller-set-of-4,
HQProp,MacroQuad 8x4x3 3-Blade,hqprop-macroquad-8x4x3-3-blade,3,8.0,5mm,4.0,15.99,,12.8,https://www.racedayquads.com/products/hqprop-macroquad-8x4x3-3-blade-propeller-set-of-4,
HQProp,MacroQuad 8x6x3 3-Blade,hqprop-macroquad-8x6x3-3-blade,3,8.0,5mm,6.0,15.99,,13.5,https://www.racedayquads.com/products/hqprop-macroquad-8x6x3-3-blade-propeller-set-of-4,
HQProp,MacroQuad 9x4.5x3 3-Blade,hqprop-macroquad-9x4-5x3-3-blade,3,9.0,5mm,4.5,11.99,,18.4,https://www.racedayquads.com/products/hqprop-macroquad-9x4-5x3-3-blade-propeller-set-of-2,
HQProp,MacroQuad 9x4.5x3R 3-Blade,hqprop-macroquad-9x4-5x3r-3-blade,3,9.0,5mm,4.0,11.49,,18.4,https://www.racedayquads.com/products/hqprop-macroquad-9x4-5x3r-3-blade-propeller-set-of-2,
HQProp,MacroQuad 9X4X3 3-Blade,hqprop-macroquad-9x4x3-3-blade,3,9.0,5mm,4.0,18.49,,18.5,https://www.racedayquads.com/products/hqprop-macroquad-9x4x3-3-blade-propeller-set-of-4,
HQProp,MacroQuad 9x5x3 3-Blade,hqprop-macroquad-9x5x3-3-blade,3,9.0,5mm,5.0,23.49,,17.4,https://www.racedayquads.com/products/hqprop-macroquad-9x5x3-3-blade-propeller-set-of-4,
HQProp,X-Class 13X9X3 V2 Glass Fiber Nylon,hqprop-x-class-13x9x3-v2-glass-fiber-nylon,3,13.0,6mm,9.0,20.49,,46.0,https://www.racedayquads.com/products/hqprop-x-class-13x9x3-v2-glass-fiber-nylon-propeller-set-of-2,
iFlight,"Defender 25 2525-3 2.5"" Prop",iflight-defender-25-2525-3-2-5-prop,3,2.5,1.5mm,2.5,4.99,,1.1,https://www.racedayquads.com/products/iflight-defender-25-2525-3-2-5-prop-4-pack,
iFlight,"Nazgul F5 Tri-Blade 5"" Prop - Choose",iflight-nazgul-f5-tri-blade-5-prop-choose,3,5.0,5mm,3.5,4.99,,3.9,https://www.racedayquads.com/products/iflight-nazgul-f5-tri-blade-5-prop-4-pack-choose-color,
T-Motor,C10.5x5x3 Cinematic Macro Prop,t-motor-c10-5x5x3-cinematic-macro-prop,3,10.5,5mm,5.0,16.99,,26.5,https://www.racedayquads.com/products/t-motor-c10-5x5x3-cinematic-macro-prop-2-pack-black,
T-Motor,"C7.5x4.6x3 Cine Tri-Blade 7.5"" Prop",t-motor-c7-5x4-6x3-cine-tri-blade-7-5-prop,3,7.5,5mm,4.6,12.99,,12.0,https://www.racedayquads.com/products/t-motor-c7-5x4-6-cine-tri-blade-7-5-prop-2-pack,
T-Motor,C8.5x5x3 Cinematic Macro Prop,t-motor-c8-5x5x3-cinematic-macro-prop,3,8.5,5mm,5.0,13.99,,14.8,https://www.racedayquads.com/products/t-motor-c8-5x5x3-cinematic-macro-prop-2-pack-black,
T-Motor,C9.5x5x3 Cinematic Macro Prop,t-motor-c9-5x5x3-cinematic-macro-prop,3,9.5,5mm,5.0,14.99,,21.3,https://www.racedayquads.com/products/t-motor-c9-5x5x3-cinematic-macro-prop-2-pack-black,
T-Motor,"F5146 Tri-Blade 5"" Prop - Choose",t-motor-f5146-tri-blade-5-prop-choose,3,5.0,5mm (standard),4.6,3.99,,4.2,https://www.racedayquads.com/products/t-motor-f5146-tri-blade-5-prop-4-pack-choose-color,
T-Motor,"Pacer P49436 Tri-Blade 5"" Prop - Choose",t-motor-pacer-p49436-tri-blade-5-prop-choose,3,4.9,5mm,4.3,4.99,,3.5,https://www.racedayquads.com/products/t-motor-pacer-p49436-tri-blade-5-prop-4-pack-choose-color,
T-Motor,"T5143S Tri-Blade 5"" Prop",t-motor-t5143s-tri-blade-5-prop,3,5.0,5mm (standard),4.3,3.19,,4.1,https://www.racedayquads.com/products/t-motor-t5143s-tri-blade-5-prop-4-pack-gray,
T-Motor,"T5146 POPO Compatible Tri-Blade 5"" Prop - Choose Your",t-motor-t5146-popo-compatible-tri-blade-5-prop-choose-your,3,5.0,5mm,4.6,3.19,,5.0,https://www.racedayquads.com/products/t-motor-t5146-popo-compatible-tri-blade-5-prop-4-pack-clear-red,
weBLEEDfpv,HQ Ultralight Whoop Prop 31MM,webleedfpv-hq-ultralight-whoop-prop-31mm,3,1.22,1mm,1.0,3.29,,0.16,https://www.racedayquads.com/products/hq-ultralight-whoop-prop-31mm,
