brand,model,slug,class,manufacturer_flight_time_min,motors,prop_mount,prop_size_in,recommended_battery,typical_auw_g,typical_current_a,vtx_system,weight_no_battery_g,sources,note
Axisflying,KOLAS 6,axisflying-kolas-6,long range (foldable),,Axisflying AE2306.5 1800KV,M5,6,"{""cells"": ""6S"", ""capacity_mah"": 2200, ""range_mah"": ""1800-3000"", ""connector"": ""XT60"", ""chemistry"": ""LiPo / Li-ion""}",,10,DJI Vista/Nebula HD (Walksnail variant on Kolas 7),385,https://www.getfpv.com/axisflying-kolas-6-long-range-6-bnf-hd-drone-6s.html,"Foldable arms, 245mm. BNF ~385g with electronics (frame alone 138g). Gemfan 6030 folding props."
Axisflying,Manta 3.5,axisflying-manta-3-5,freestyle/cinematic (3.5in),,Axisflying AF155 (2204.5),T-mount,3.5,"{""cells"": ""4S"", ""capacity_mah"": 1300, ""range_mah"": ""1300-1500"", ""connector"": ""XT60"", ""chemistry"": ""LiPo""}",,11,RunCam Link (DJI HD); O3 variants available,233,https://buzzfpv.com.au/products/axisflying-manta-3-5inch-squashed-x-freestyle-hd-bnf-fpv-drone,"233g for BNF with RunCam Link + MIPI cam. Gemfan 3520 tri-blade, wheelbase 162mm. Connector not stated by Axisflying - XT60 is class-standard."
Axisflying,Manta 5 SE,axisflying-manta-5-se,freestyle,,Axisflying AE2207 V2 1960KV,M5,5.1,"{""cells"": ""6S"", ""capacity_mah"": 1300, ""range_mah"": ""1100-1500"", ""connector"": ""XT60"", ""chemistry"": ""LiPo""}",652.7,13,analog Smurfs 1.6W (O3/O4 variants),461.1,https://oscarliang.com/axisflying-manta-5-se-analog-bnf/,Analog SE version. 223mm SquashedX. V2 with O4 Pro exists.
BetaFPV,Air65,betafpv-air65,tiny whoop (racing),4 (1S 260),BetaFPV 0702SE II 27000KV (racing) / 23000KV (freestyle),1.0mm shaft,1.2,"{""cells"": ""1S"", ""capacity_mah"": 300, ""range_mah"": ""260-300"", ""connector"": ""BT2.0"", ""chemistry"": ""LiHV (LAVA)""}",,3,analog 25-400mW,17.3,https://betafpv.com/products/air65-brushless-whoop-quadcopter,Lightest 65mm racing whoop class. GF 1219S 3-blade props.
BetaFPV,Air75,betafpv-air75,tiny whoop,6.5 (1S 450),BetaFPV 0802SE 23000KV,1.0mm shaft,1.6,"{""cells"": ""1S"", ""capacity_mah"": 450, ""connector"": ""BT2.0"", ""chemistry"": ""LiHV (LAVA 75C)""}",,3,analog 25-400mW,21,https://betafpv.com/products/air75-brushless-whoop-quadcopter,Lightest 75mm class. Gemfan 40mm 2-blade props.
BetaFPV,Aquila16,betafpv-aquila16,whoop (beginner RTF),5 (650mAh) / 8 (1100mAh),BetaFPV 1102 18000KV,,1.8,"{""cells"": ""1S"", ""capacity_mah"": 1100, ""range_mah"": ""650 or 1100"", ""connector"": ""Aquila16 exclusive"", ""chemistry"": ""LiHV""}",72.5,7,analog,47.1,https://betafpv.com/products/aquila16-fpv-kit,"Uses proprietary Aquila16 battery. Beta 45mm 3-blade props, wheelbase 86mm."
BetaFPV,Beta95X V3,betafpv-beta95x-v3,cinewhoop (pusher),3.5 (4S 450),BetaFPV 1404 4500KV,,2.5,"{""cells"": ""4S"", ""capacity_mah"": 450, ""connector"": ""XT30"", ""chemistry"": ""LiPo""}",,6,Caddx Nebula Nano HD (analog variant),99.1,https://betafpv.com/products/beta95x-v3-whoop-quadcopter,"SMO 4K-ready pusher. Gemfan D63 props, 95mm wheelbase."
BetaFPV,Cetus Pro,betafpv-cetus-pro,whoop (beginner RTF),4-5,BetaFPV 1102 18000KV,1.5mm shaft,1.6,"{""cells"": ""1S"", ""capacity_mah"": 450, ""connector"": ""BT2.0"", ""chemistry"": ""LiHV (75C)""}",45.8,4,analog,33.19,https://betafpv.com/products/cetus-pro-fpv-kit,RTF kit with LiteRadio 2 SE + VR02 goggles. 40mm 3-blade props.
BetaFPV,Cetus X,betafpv-cetus-x,whoop (beginner RTF),5,BetaFPV 1103 11000KV,,2,"{""cells"": ""2S (2x 1S in series)"", ""capacity_mah"": 450, ""connector"": ""BT2.0 x2"", ""chemistry"": ""LiHV""}",81,4,analog,56,https://betafpv.com/products/cetus-x-brushless-quadcopter,Powered by two 1S 450mAh BT2.0 packs in series. Gemfan 2020 4-blade props.
BetaFPV,HX115 LR,betafpv-hx115-lr,toothpick (1S long range),3-5 (1S 450) / 15+ (18650 3000),BetaFPV 1102 18000KV,1.5mm shaft,3,"{""cells"": ""1S"", ""capacity_mah"": 450, ""range_mah"": ""450 LiPo or 18650 3000 Li-ion"", ""connector"": ""BT2.0"", ""chemistry"": ""LiHV / Li-ion""}",56,4,analog 350mW,44,https://betafpv.com/products/hx115-lr-toothpick-drone,"HQ 3020 bi-blade props, 126mm wheelbase."
BetaFPV,Meteor65 Pro,betafpv-meteor65-pro,tiny whoop,4.5,BetaFPV 0802SE 19500KV,1.0mm shaft,1.4,"{""cells"": ""1S"", ""capacity_mah"": 300, ""connector"": ""BT2.0"", ""chemistry"": ""LiHV (75C)""}",,3,analog (O4 variant available),23,https://betafpv.com/products/meteor65-pro-brushless-whoop-quadcopter-1s,35mm 3-blade props.
BetaFPV,Meteor75 Pro,betafpv-meteor75-pro,tiny whoop,,BetaFPV 1102 21000KV,1.0mm shaft,1.8,"{""cells"": ""1S"", ""capacity_mah"": 450, ""range_mah"": ""450-550"", ""connector"": ""BT2.0"", ""chemistry"": ""LiHV""}",,4,analog (O4 variant available),31,https://betafpv.com/products/meteor75-pro-brushless-whoop-quadcopter,"Analog 2024 edition. 45mm props, wheelbase 80.8mm. Largest 1S whoop class."
BetaFPV,Meteor75 Pro II,betafpv-meteor75-pro-ii,tiny whoop (HD),5 (1S 580) / 6 (1S 680),BetaFPV Freestyle 1102 (2026 series),1.0mm shaft,1.8,"{""cells"": ""1S"", ""capacity_mah"": 580, ""range_mah"": ""480-680 (LAVA II)"", ""connector"": ""BT2.0"", ""chemistry"": ""LiHV""}",,4,DJI O4 Wide,41.5,https://betafpv.com/products/meteor75-pro-ii-o4-brushless-whoop-quadcopter,"O4 Wide HD whoop, GF 1811 3-blade, 80mm wheelbase."
BetaFPV,Meteor85,betafpv-meteor85,whoop (2S 85mm),,BetaFPV 1103 11000KV,,2,"{""cells"": ""2S"", ""capacity_mah"": 450, ""connector"": ""XT30"", ""chemistry"": ""LiPo""}",,5,analog (HD Digital variant),43.85,https://betafpv.com/products/meteor85-brushless-whoop-quadcopter-2022,2022 edition. Gemfan 2015 2-blade props.
BetaFPV,Pavo Pico,betafpv-pavo-pico,cinewhoop (sub-100),4,BetaFPV 1102 14000KV,,1.8,"{""cells"": ""2S"", ""capacity_mah"": 450, ""connector"": ""XT30"", ""chemistry"": ""LiPo (LAVA 75C)""}",99,5,DJI O3,72,https://betafpv.com/products/pavo-pico-brushless-whoop-quadcopter,"Weight with DJI O3, no battery. Gemfan 45mm 3-blade props, wheelbase 80.8mm."
BetaFPV,Pavo Pico II,betafpv-pavo-pico-ii,cinewhoop (sub-100),6.5 (2S 550),BetaFPV LAVA 1102 14000KV,,1.8,"{""cells"": ""2S"", ""capacity_mah"": 550, ""range_mah"": ""450-550"", ""connector"": ""XT30"", ""chemistry"": ""LiPo (LAVA)""}",,4,DJI O4/O4 Pro,53.7,https://betafpv.com/products/pavo-pico-ii-brushless-whoop-quadcopter,"O4 version 53.7g (PNP 39.1g, O4 Wide 59g). GF 45mm 3-blade, wheelbase 80mm."
BetaFPV,Pavo20,betafpv-pavo20,cinewhoop,4 (3S 450),BetaFPV 1103 8500KV,,2,"{""cells"": ""3S"", ""capacity_mah"": 450, ""range_mah"": ""450-650"", ""connector"": ""XT30"", ""chemistry"": ""LiPo""}",,5,DJI O3,94,https://betafpv.com/products/pavo20-brushless-whoop-quadcopter,94g with DJI O3 (55g without battery and FPV system).
BetaFPV,Pavo20 Pro,betafpv-pavo20-pro,cinewhoop,6.7 (3S 550),BetaFPV LAVA 1104 7200KV,1.5mm shaft,2.2,"{""cells"": ""3S"", ""capacity_mah"": 550, ""range_mah"": ""450-650"", ""connector"": ""XT30"", ""chemistry"": ""LiPo (LAVA 75C)""}",,4,DJI O3/O4 ready,66.3,https://www.getfpv.com/betafpv-pavo20-pro-cinewhoop-no-fpv-system.html,Weight without battery and air unit. Gemfan 2218 3-blade props.
BetaFPV,Pavo20 Pro II,betafpv-pavo20-pro-ii,cinewhoop,,BetaFPV LAVA 1104 7200KV,1.5mm shaft,2.2,"{""cells"": ""3S"", ""capacity_mah"": 550, ""range_mah"": ""450-680 (3S/4S LAVA II supported)"", ""connector"": ""XT30"", ""chemistry"": ""LiPo""}",,4,DJI O4 Pro,116.2,https://betafpv.com/products/pavo20-pro-ii-brushless-whoop-quadcopter,"116.2g with O4 Pro (PNP 72.6g). Gemfan 2218 props, 93.9mm wheelbase."
BetaFPV,Pavo25 V2,betafpv-pavo25-v2,cinewhoop,6-8,BetaFPV 1505 4600KV,,2.5,"{""cells"": ""4S"", ""capacity_mah"": 850, ""range_mah"": ""650-850"", ""connector"": ""XT30"", ""chemistry"": ""LiPo""}",,6,DJI O3 (Walksnail/Caddx supported),190,https://betafpv.com/products/pavo25-v2-brushless-whoop-quadcopter,"190g with DJI O3 (153g without camera). GF D63 3-blade, wheelbase 112mm."
BetaFPV,X-Knight 35,betafpv-x-knight-35,toothpick (3.5in),,BetaFPV 1404 3800KV,T-mount,3.5,"{""cells"": ""4S"", ""capacity_mah"": 750, ""connector"": ""XT30"", ""chemistry"": ""LiPo""}",,6,Caddx Polar Vista HD,142.9,https://betafpv.com/products/x-knight-35-fpv-quadcopter,HQ/Gemfan 3520 3-blade props.
DarwinFPV,BabyApe II,darwinfpv-babyape-ii,micro freestyle (sub-250),,DarwinFPV 1504 3600KV (4S),T-mount,3.5,"{""cells"": ""4S"", ""capacity_mah"": 850, ""range_mah"": ""650-850"", ""connector"": ""XT30"", ""chemistry"": ""LiPo""}",224.4,6,analog,135.4,https://darwinfpv.com/products/darwinfpv-babyape-%e2%85%b1-freestyle-fpv-drone,6S variant exists. HQProp T3.5x2x3 props.
DarwinFPV,BabyApe Pro V2,darwinfpv-babyape-pro-v2,micro freestyle (3in),,DarwinFPV 1104 4300KV,1.5mm shaft,3,"{""cells"": ""3S (2-3S supported)"", ""capacity_mah"": 550, ""range_mah"": ""450-550"", ""connector"": ""XT30"", ""chemistry"": ""LiPo""}",,5,analog,70,https://darwinfpv.com/products/darwinfpv-babyape-3,"Gemfan 3016 props, 143mm diagonal."
DarwinFPV,CineApe25,darwinfpv-cineape25,cinewhoop,up to 9 (4S 850),DarwinFPV 1504 3600KV,,2.5,"{""cells"": ""4S"", ""capacity_mah"": 850, ""connector"": ""XT30"", ""chemistry"": ""LiPo""}",238,6,analog (Walksnail variant),144,https://darwinfpv.com/products/cineape-25-cinematic-whoop-fpv-drone,"Budget cinewhoop. HQProp T63 six-blade, 112mm True-X."
Diatone,Roma F5 V2,diatone-roma-f5-v2,freestyle,,Diatone MAMBA TOKA 2306.5 1770KV,M5,5.1,"{""cells"": ""6S"", ""capacity_mah"": 1100, ""range_mah"": ""1050-1300"", ""connector"": ""XT60"", ""chemistry"": ""LiPo""}",,13,Caddx Vista HD (analog variant 320g),380,https://www.drone-fpv-racer.com/en/diatone-roma-f5-dji-v2-6s-8242.html,Vista version 380g (analog power kit 320g). 218mm wheelbase.
Diatone,Taycan MX-C,diatone-taycan-mx-c,cinewhoop (ducted),5-7 (4S 1300),Diatone MAMBA MB1408 4000KV (4S) / 2800KV (6S),,3,"{""cells"": ""4S"", ""capacity_mah"": 1300, ""connector"": ""XT30"", ""chemistry"": ""LiPo""}",295,8,analog (Vista HD variant),175,https://www.firstquadcopter.com/news/diatone-mx-c-349-taycan/,158mm wheelbase; V1.1 upgraded to 1606 motors. RunCam Nano 2.
DJI,Avata,dji-avata,cinewhoop (ducted),18 hover,DJI (not published),,3,"{""cells"": ""4S (14.76V)"", ""capacity_mah"": 2420, ""connector"": ""DJI proprietary"", ""chemistry"": ""Li-ion (Intelligent Flight Battery)""}",410,6,DJI O3+ (built-in),248,https://www.dji.com/support/product/avata,Takeoff 410g; battery ~162g (35.71Wh). Superseded by Avata 2 but still widely flown.
DJI,Avata 2,dji-avata-2,cinewhoop (ducted),23,DJI (not published),,3,"{""cells"": ""4S (14.76V)"", ""capacity_mah"": 2150, ""connector"": ""DJI proprietary"", ""chemistry"": ""Li-ion (Intelligent Flight Battery)""}",377,5,DJI O4 (built-in),232,https://www.dji.com/avata-2/specs,Takeoff weight 377g; battery ~145g. Proprietary ecosystem - parts pages are informational.
DJI,Avata 360,dji-avata-360,"cinewhoop (ducted, 360 cam)",23 (realistic 18-20),DJI (not published),,3,"{""cells"": ""4S"", ""capacity_mah"": 2700, ""connector"": ""DJI proprietary"", ""chemistry"": ""Li-ion (Intelligent Flight Battery)""}",455,6,DJI O4+ (built-in),306,https://www.cliftoncameras.co.uk/uploads/specifications/CliftonCameras_DJI_Avata_360_Specs%201.pdf,"March 2026 release: dual 1/1.1in sensors, 8K60 360 video, 42GB internal. Battery ~149g (38.67Wh)."
DJI,Neo,dji-neo,camera whoop (guarded),18,DJI (not published),,2,"{""cells"": ""2S (7.3V)"", ""capacity_mah"": 1435, ""connector"": ""DJI proprietary"", ""chemistry"": ""Li-ion (Intelligent Flight Battery)""}",135,4,DJI O4 (built-in),90,https://www.dji.com/neo/specs,Takeoff weight 135g; battery ~45g. Official props 2016S (50.8mm).
Eachine,Novice-III,eachine-novice-iii,micro racer (beginner RTF),up to 10 (3S 450),Eachine 5500KV (2-3S),,3,"{""cells"": ""3S"", ""capacity_mah"": 450, ""range_mah"": ""450 (2-3S)"", ""connector"": ""XT30"", ""chemistry"": ""LiPo""}",,5,analog,62,https://www.eachine.com/Eachine-Novice-III-135mm-2-3S-3-Inch-FPV-Racing-Drone-RTF-and-Fly-more-w-or-5_8G-40CH-EV800-Goggles-2_4G-ER8-Transmitter-Fly-more-6x-Battery-Version-p-1739.html,"RTF kit with EV800 goggles. 135mm wheelbase, bi-blade props."
Eachine,Novice-IV,eachine-novice-iv,"long range (sub-250, RTF)",20 (4S 1100) / up to 31 (Li-ion 3000),Eachine 1404-class (3-4S),,4,"{""cells"": ""4S"", ""capacity_mah"": 1100, ""range_mah"": ""1100 LiPo or 18650 3000 Li-ion"", ""connector"": ""XT30"", ""chemistry"": ""LiPo / Li-ion""}",215,5,analog,125,https://www.eachine.com/Eachine-Novice-IV-4-Inch-3-4S-Sub-250g-LR-Micro-Long-Range-FPV-Racing-Drone-RTF-and-Fly-more-w-or-EV800DM-Goggles-Radiomaster-TX12-Transmitter-RTF-2x-Battery-Version-p-2260.html,"RTF LR kit with GPS (M8N), 170mm wheelbase."
EMAX,Babyhawk II HD,emax-babyhawk-ii-hd,micro freestyle (sub-250),,EMAX ECO 1404 3700KV,,3.5,"{""cells"": ""4S"", ""capacity_mah"": 850, ""range_mah"": ""650-850 (3-4S)"", ""connector"": ""XT30"", ""chemistry"": ""LiPo""}",,6,Caddx Nebula/Polar Vista HD,141,https://emax-usa.com/products/babyhawk-ii-hd-3-5-micro-dji-hd-fpv-drone,"155mm wheelbase, AVAN Scimitar 3.5in props. O3 refresh exists (Babyhawk O3)."
EMAX,EZ Pilot Pro,emax-ez-pilot-pro,whoop (beginner RTF),,EMAX 08025 II 15000KV,,1.6,"{""cells"": ""1S"", ""capacity_mah"": 450, ""connector"": ""PH2.0"", ""chemistry"": ""LiHV""}",,4,analog 25-200mW,32.5,https://shop.emax-usa.com/collections/beginner/products/ez-pilot-pro-ready-to-fly-fpv-drone-w-controller-goggles,RTF kit with E8 transmitter + Transporter 2 goggles. 75mm wheelbase.
EMAX,Hawk Apex 5,emax-hawk-apex-5,racing (ultralight),,EMAX ECO II 2004 1600KV (6S) / 3000KV 3.5in variant,,5,"{""cells"": ""6S"", ""capacity_mah"": 850, ""range_mah"": ""650-1100 (4S/6S variants)"", ""connector"": ""XT30"", ""chemistry"": ""LiPo""}",,10,HDZero,167,https://shop.emax-usa.com/collections/new-products/products/hawk-apex-5-inch-hdzero-ultralight-racing-drone,HDZero racing platform; 3.5in variant exists. 4S version uses XT30 per EMAX.
EMAX,Hawk Pro 5,emax-hawk-pro-5,racing/freestyle,,EMAX Pulsar 2306 1700KV (6S) / 2400KV (4S),M5,5,"{""cells"": ""6S"", ""capacity_mah"": 1100, ""range_mah"": ""1100-1300 (6S) / 1300-1500 (4S)"", ""connector"": ""XT60"", ""chemistry"": ""LiPo""}",,12,analog 25-200mW,265,https://www.getfpv.com/emax-hawk-pro-5-4s-6s-fpv-racing-drone-1700kv-2400kv-pnp.html,"Legacy racing platform, 210mm wheelbase. Battery range is class-standard."
EMAX,Nanohawk,emax-nanohawk,tiny whoop (guarded),,EMAX TH0802 II 19000KV,1.0mm shaft,1.2,"{""cells"": ""1S"", ""capacity_mah"": 300, ""connector"": ""GNB27"", ""chemistry"": ""LiHV (60C)""}",,3,analog (RunCam Nano 3),20,https://shop.emax-usa.com/products/nanohawk-1s-ultralight-brushless-fpv-drone,"65mm wheelbase, Avia 31mm props, prop guards instead of ducts."
EMAX,Tinyhawk II Freestyle,emax-tinyhawk-ii-freestyle,micro freestyle (2S),,EMAX TH1103 7000KV,T-mount,2.5,"{""cells"": ""2S (2x 1S in series)"", ""capacity_mah"": 450, ""connector"": ""PH2.0 x2"", ""chemistry"": ""LiHV (80C)""}",79,4,analog,49,https://www.getfpv.com/emax-tinyhawk-ii-freestyle-2s-micro-brushless-fpv-drone-frsky-bnf.html,"Runs two 1S 450 packs in series. Avan Rush 2.5in props, 115mm wheelbase."
EMAX,Tinyhawk III,emax-tinyhawk-iii,whoop (beginner RTF),,EMAX TH0802 II 15000KV,,1.6,"{""cells"": ""1S"", ""capacity_mah"": 450, ""connector"": ""PH2.0"", ""chemistry"": ""LiHV""}",,4,analog,31,https://shop.emax-usa.com/products/tinyhawk-3-fpv-racing-drone-ready-to-fly-w-controller-and-goggles,76mm wheelbase. Plus version has bigger 650mAh pack and ELRS.
EMAX,Tinyhawk III Plus,emax-tinyhawk-iii-plus,whoop (1-2S),,EMAX TH0802 II 15000KV,,1.6,"{""cells"": ""1S (2S supported)"", ""capacity_mah"": 650, ""connector"": ""PH2.0"", ""chemistry"": ""LiHV""}",,5,analog,32.5,https://www.racedayquads.com/products/emax-bnf-tinyhawk-iii-plus-whoop-1-2s-analog-racing-drone-w-runcam-nano-elrs-2-4-ghz,"Wheelbase 76mm, RunCam Nano camera, integrated ELRS."
Flywoo,CineRace20 V2,flywoo-cinerace20-v2,cinewhoop (race),5.7 (4S 450) / 8.2 (4S 750),Flywoo NIN V2 1203PRO 5500KV,,2,"{""cells"": ""4S"", ""capacity_mah"": 750, ""range_mah"": ""450-750"", ""connector"": ""XT30"", ""chemistry"": ""LiPo""}",,4,DJI O3 (analog/Vista variants),139,https://flywoo.net/products/cinerace20-hd-dji-o3-2inch-w-sandisk-128gb-sub250-4k-1080p-cinewhoop,"O3 edition 139g (analog 112g, 4850KV). Gemfan D51 props."
Flywoo,Explorer LR4 V2,flywoo-explorer-lr4-v2,long range (sub-250),up to 28 cruise (Li-ion 3000),Flywoo NIN V2 1404 2750KV,T-mount,4,"{""cells"": ""4S"", ""capacity_mah"": 3000, ""range_mah"": ""18650 3000 Li-ion or 750 LiPo"", ""connector"": ""XT30"", ""chemistry"": ""Li-ion / LiPo""}",246,5,DJI O4 Pro (analog variant available),179,https://flywoo.net/products/explorer-lr-4-o4-pro-v2-sub250-micro-long-range,AUW 246g with 4S 750 LiPo. Recommended Li-ion: Sony/Molicel 18650 4S1P.
Flywoo,Firefly Nano Baby 20,flywoo-firefly-nano-baby-20,micro (2S 2in),,Flywoo ROBO 1002 15500KV,,2,"{""cells"": ""2S"", ""capacity_mah"": 450, ""range_mah"": ""450-650"", ""connector"": ""XT30"", ""chemistry"": ""LiPo""}",,4,analog (Walksnail variant available),33.8,https://www.getfpv.com/flywoo-firefly-nano-baby-20-2s-micro-quadcopter-bnf-analog.html,"Battery range/connector are class-standard values, not confirmed by Flywoo spec table."
Flywoo,Firefly18 Nano Baby V3,flywoo-firefly18-nano-baby-v3,micro (1S toothpick),4.3 (1S 450) / 5.7 (1S 750),Flywoo ROBO 1002 19800KV,,1.8,"{""cells"": ""1S"", ""capacity_mah"": 750, ""range_mah"": ""450-750"", ""connector"": ""A30"", ""chemistry"": ""LiHV""}",,5,DJI O4 (HDZero/Walksnail variants),36,https://flywoo.net/products/firefly18-1s-nano-baby-v3-o4-tiny-drone,~36g with O4 (25.9g without FPV system; 56g AUW with 1S 750). HQ 45mm bi-blade props.
Flywoo,FlyLens 85,flywoo-flylens-85,whoop (2S cinewhoop),up to 8 (2S 1000),Flywoo ROBO 1003 14800KV,,2,"{""cells"": ""2S"", ""capacity_mah"": 1000, ""range_mah"": ""750-1000"", ""connector"": ""XT30"", ""chemistry"": ""LiPo""}",,6,DJI O3 Lite naked (O4 variants available),76,https://flywoo.net/products/flylens-85-hd-o3-lite-2s-brushless-whoop-fpv-drone,76g with naked O3 Lite (55g without FPV system).
Flywoo,Mr.Croc 6 HD,flywoo-mr-croc-6-hd,long range / freestyle (6in),,Flywoo NIN 2306.5 1750KV,M5,6,"{""cells"": ""6S"", ""capacity_mah"": 1500, ""range_mah"": ""1300-3000 or Li-ion"", ""connector"": ""XT60"", ""chemistry"": ""LiPo / Li-ion""}",,12,DJI Digital HD (Air Unit),389,https://www.getfpv.com/flywoo-mr-croc-6-6s-fpv-quadcopter-w-gps-dji-digital-hd-fpv-system.html,With GPS. 7in variant 498g (NIN 2806.5). Battery range is class-standard.
GEPRC,Cinebot25 S,geprc-cinebot25-s,cinewhoop,,GEPRC 1505 4300KV,T-mount,2.5,"{""cells"": ""4S"", ""capacity_mah"": 850, ""range_mah"": ""650-850"", ""connector"": ""XT30"", ""chemistry"": ""LiPo""}",,7,DJI O3 (WTFPV/analog variants),192.75,https://geprc.com/product/geprc-cinebot25-s-wtfpv-quadcopter/,HD O3 version (WTFPV: 145g). HQProp DT63x4 props.
GEPRC,Cinebot25 V2,geprc-cinebot25-v2,cinewhoop,5-8 (cruise),GEPRC SPEEDX2 1404 4600KV,T-mount,2.5,"{""cells"": ""4S"", ""capacity_mah"": 900, ""range_mah"": ""750-1100"", ""connector"": ""XT30"", ""chemistry"": ""LiHV""}",,7,DJI O4 Pro,219,https://geprc.com/product/geprc-cinebot25-v2-o4-pro-quadcopter/,O4 Pro + GPS (GEP-M10nano). HQProp DT63x3 V2 props.
GEPRC,Cinebot30,geprc-cinebot30,cinewhoop,5.5-10.5,GEPRC SPEEDX2 1804 2450KV (6S) / 3450KV (4S),T-mount,3,"{""cells"": ""6S"", ""capacity_mah"": 1100, ""range_mah"": ""850-1100 (6S) / 1100-1300 (4S)"", ""connector"": ""XT60H-M"", ""chemistry"": ""LiPo""}",,10,DJI O3,234.7,https://geprc.com/product/geprc-cinebot30-hd-o3-fpv-drone/,O3 version (analog: 209.2g). Props HQ T76 3-blade.
GEPRC,Cinelog20,geprc-cinelog20,cinewhoop,4-6,GEPRC GR1303.5 5500KV,,2,"{""cells"": ""4S"", ""capacity_mah"": 660, ""range_mah"": ""450-660"", ""connector"": ""XT30"", ""chemistry"": ""LiHV""}",,6,DJI O3,140,https://geprc.com/product/geprc-cinelog20-hd-o3-fpv-drone/,HD O3 version (weight incl. TBS Nano RX). Props EMAX Avan Micro 2x2.4x4.
GEPRC,Cinelog30 V3,geprc-cinelog30-v3,cinewhoop,up to 8.2 (cruise),GEPRC SPEEDX2 1404 3850KV,T-mount,3,"{""cells"": ""4S"", ""capacity_mah"": 660, ""range_mah"": ""660-720"", ""connector"": ""XT30"", ""chemistry"": ""LiHV""}",,6,DJI O4 Pro,187,https://oscarliang.com/geprc-cinelog30-v3/,"O4 Pro version, HQProp DT76x3 props. Connector XT30 is class-standard, not stated by GEPRC."
GEPRC,Cinelog35 V2,geprc-cinelog35-v2,cinewhoop,5-8.5,GEPRC SPEEDX2 2105.5 2650KV,T-mount,3.5,"{""cells"": ""6S"", ""capacity_mah"": 1100, ""range_mah"": ""1050-1300"", ""connector"": ""XT60"", ""chemistry"": ""LiPo""}",,10,DJI O3,285.8,https://geprc.com/product/geprc-cinelog35-v2-hd-o3-fpv-drone/,HD O3 version (analog: 263.8g). Specs from geprc.com.
GEPRC,Cinelog35 V3,geprc-cinelog35-v3,cinewhoop,,GEPRC SPEEDX2 2105.5 2650KV,T-mount,3.5,"{""cells"": ""6S"", ""capacity_mah"": 1100, ""range_mah"": ""1100-1300"", ""connector"": ""XT60"", ""chemistry"": ""LiPo""}",,10,DJI O4 Pro,280,https://geprc.com/product/geprc-cinelog35-v3-o4-pro-fpv-drone/,"O4 Pro version, 142mm wheelbase, HQProp D-T90 props. Connector XT60 is class-standard."
GEPRC,Crocodile Baby 4,geprc-crocodile-baby-4,long range (sub-250),28+ (Li-ion 3000),GEPRC GR1404 2750KV,,4,"{""cells"": ""4S"", ""capacity_mah"": 750, ""range_mah"": ""650-1300 LiPo or 18650 3000 Li-ion"", ""connector"": ""XT30"", ""chemistry"": ""LiPo / Li-ion""}",242,5,Caddx Vista HD (Wasp/analog variants),155,https://geprc.com/product/geprc-crocodile-baby-4-hd-micro-long-range/,"Dry weight derived: 242g incl. 4S 750 pack. Gemfan 4024 props, 174mm wheelbase."
GEPRC,DarkStar20,geprc-darkstar20,cinewhoop,,GEPRC SPEEDX2 1102 10000KV,,2,"{""cells"": ""2S"", ""capacity_mah"": 500, ""range_mah"": ""450-550"", ""connector"": ""XT30"", ""chemistry"": ""LiPo""}",120,5,DJI O3 (WTFPV/Wasp variants),86,https://geprc.com/product/geprc-darkstar20-o3-cinewhoop-quadcopter/,90mm diagonal.
GEPRC,Mark4,geprc-mark4,freestyle,,GEPRC 2306.5 1850KV (6S) / 2450KV (4S),M5,5.1,"{""cells"": ""6S"", ""capacity_mah"": 1300, ""range_mah"": ""1100-1400"", ""connector"": ""XT60"", ""chemistry"": ""LiPo""}",,13,Caddx Nebula HD / analog variants,346,https://geprc.com/product/mark4-drone-for-freestyle-fpv-4s-6s/,"Legacy freestyle platform (pre-Mark5), 225mm. GEPRC G5x4.3x3 props."
GEPRC,Mark5,geprc-mark5,freestyle,,GEPRC SPEEDX2 2107.5 1960KV (6S),M5,5.1,"{""cells"": ""6S"", ""capacity_mah"": 1300, ""range_mah"": ""1050-1550"", ""connector"": ""XT60"", ""chemistry"": ""LiPo""}",,13,DJI O3,404.9,https://geprc.com/product/geprc-mark5-hd-o3-freestyle-fpv-drone-green/,HD O3 version. Props Gemfan 5136. Wheelbase 225mm.
GEPRC,MOZ7 V2,geprc-moz7-v2,long range,~25-30 (Li-ion 6S),,,7,"{""cells"": ""6S"", ""capacity_mah"": 8000, ""range_mah"": ""3300-4000 LiPo or 6S2P Li-ion 6000-8000"", ""connector"": ""XT60"", ""chemistry"": ""LiPo / Li-ion""}",,12,DJI O4 Pro (O3/Wasp variants),750,https://geprc.com/product/geprc-moz7-v2-o4-pro-long-range-fpv/,Manufacturer spec ~750g; independent reviews measured closer to 843g dry.
GEPRC,Rocket Plus,geprc-rocket-plus,cinewhoop (ducted),,GEPRC GR1204 5000KV,,2,"{""cells"": ""4S"", ""capacity_mah"": 850, ""range_mah"": ""650-850"", ""connector"": ""XT30"", ""chemistry"": ""LiPo""}",,7,DJI FPV Air Unit (Vista/analog Lite variants),148,https://geprc.com/product/rocket-plus-dji-air-unit-hd-fpv/,"112mm wheelbase, 2in 4-blade props, onboard 1080p60 recording via Air Unit."
GEPRC,Smart 35,geprc-smart-35,micro freestyle (sub-250),,GEPRC GR1404 3850KV,,3.5,"{""cells"": ""4S"", ""capacity_mah"": 850, ""range_mah"": ""850-1300"", ""connector"": ""XT30"", ""chemistry"": ""LiPo""}",,6,Caddx Polar Vista HD (Nano/analog variants),142.1,https://geprc.com/product/geprc-smart-35-analog-3-5inch-micro-freestyle-drone/,"Polar HD version 142.1g (Nano 137.6g, analog 127.4g). EMAX 3.5x2.8x3 props, 155mm."
GEPRC,Tern-LR40,geprc-tern-lr40,long range,7 (LiPo 750) / 25 (Li-ion 3000),GEPRC SPEEDX2 1404 3000KV,T-mount,4,"{""cells"": ""4S"", ""capacity_mah"": 3000, ""range_mah"": ""660-850 LiPo or 18650 3000 Li-ion"", ""connector"": ""XT30"", ""chemistry"": ""LiPo / Li-ion""}",,6,analog,159,https://geprc.com/product/geprc-tern-lr40-analog-long-range-fpv/,"Analog version 159g (Wasp HD: 171g, O3: 180g). Props HQProp T4X2.5. Connector XT30 not stated by GEPRC - standard for this class."
GEPRC,Vapor D5,geprc-vapor-d5,freestyle (deadcat),,GEPRC SPEEDX2 2207E 1960KV,M5,5.1,"{""cells"": ""6S"", ""capacity_mah"": 1400, ""range_mah"": ""1300-1800"", ""connector"": ""XT60"", ""chemistry"": ""LiPo""}",,13,DJI O4 Pro,428,https://www.rotorama.com/product/geprc-vapor-d5-o4-pro-elrs-2-4g,"O4 Pro version, 238mm deadcat frame, Gemfan 5136 props."
Happymodel,Bassline,happymodel-bassline,toothpick (2S),,Happymodel EX1103 11000KV,,2,"{""cells"": ""2S"", ""capacity_mah"": 450, ""range_mah"": ""350-650"", ""connector"": ""XT30"", ""chemistry"": ""LiPo""}",,4,HDZero (Walksnail/analog variants),45,https://www.happymodel.cn/index.php/2022/12/23/happymodel-bassline-2s-micro-fpv-racer-drone/,HDZero version 45g. 90mm diagonal.
Happymodel,Crux3,happymodel-crux3,toothpick (1S 3in),"4.5 (1S 650, with camera payload)",Happymodel EX1202.5 11500KV,,3,"{""cells"": ""1S"", ""capacity_mah"": 650, ""range_mah"": ""450-720"", ""chemistry"": ""LiHV""}",,6,analog,40,https://www.happymodel.cn/index.php/2021/10/11/happymodel-crux3-1s-elrs-3-inch-toothpick-fpv-racing-drone-bnf/,"115mm wheelbase, Gemfan 75mm bi-blade. NLR 18650 variant exists for long range."
Happymodel,Crux35,happymodel-crux35,toothpick (3.5in),9-15 (4S 750),Happymodel EX1404 3500KV,T-mount,3.5,"{""cells"": ""4S"", ""capacity_mah"": 750, ""range_mah"": ""750 (max 1100)"", ""connector"": ""XT30"", ""chemistry"": ""LiPo""}",,4,analog (HDZero variant available),87,https://www.happymodel.cn/index.php/2021/08/30/happymodel-crux35-crux35-digital-hd-3-5-inch-4s-micro-freestyle-fpv-racing-drone/,Analog V2 87g (digital HD: 108g). HQProp T3.5x2x3 props.
Happymodel,Larva X,happymodel-larva-x,toothpick (2-3S),,Happymodel EX1103 7000KV,,2.5,"{""cells"": ""3S"", ""capacity_mah"": 350, ""range_mah"": ""300-450 (2-3S)"", ""connector"": ""XT30"", ""chemistry"": ""LiPo""}",,5,analog (HD variant),50,https://www.happymodel.cn/index.php/2019/08/17/happymodel-larva-x-2-3s-micro-brushless-fpv-racer-drone/,"Legacy 100mm toothpick, still popular for racing practice."
Happymodel,Moblite6,happymodel-moblite6,tiny whoop (ultralight),,Happymodel SE0802 19000KV,1.0mm shaft,1.2,"{""cells"": ""1S"", ""capacity_mah"": 300, ""connector"": ""PH2.0"", ""chemistry"": ""LiHV (30C)""}",26,3,analog 25-200mW,18.5,https://www.happymodel.cn/index.php/2020/12/14/happymodel-moblite6-ultra-light-1s-65mm-brushless-whoop/,"Gemfan 1219 31mm props, RunCam Nano 3."
Happymodel,Moblite7,happymodel-moblite7,tiny whoop (ultralight LR),,,,1.6,"{""cells"": ""1S"", ""capacity_mah"": 450, ""range_mah"": ""450-650"", ""chemistry"": ""LiHV""}",,4,Walksnail Avatar (V3),34.5,https://www.happymodel.cn/index.php/2023/09/04/moblite7-walksnail-1s-75mm-digital-hd-brushless-whoop-v3/,"Walksnail V3 version. 75mm wheelbase, 40mm props. Battery connector varies by revision - verify before publish-critical use."
Happymodel,Mobula6 2024,happymodel-mobula6-2024,tiny whoop,,Happymodel SE0702 28000KV,1.0mm shaft,1.2,"{""cells"": ""1S"", ""capacity_mah"": 300, ""connector"": ""A30 (BT2.0 compatible)"", ""chemistry"": ""LiHV""}",,3,analog (HDZero ECO variant),17.6,https://www.happymodel.cn/index.php/2025/12/11/mobula6-2024-v3-1s-65mm-ultra-light-micro-fpv-whoop/,"2024 V3 analog 17.6g (ECO HD: 23.3g). 31mm props, 65mm wheelbase."
Happymodel,Mobula7 1S,happymodel-mobula7-1s,tiny whoop,,Happymodel SE0802 20000KV,1.0mm shaft,1.6,"{""cells"": ""1S"", ""capacity_mah"": 450, ""range_mah"": ""450-650"", ""connector"": ""A30 (GNB27/BT2.0 compatible)"", ""chemistry"": ""LiHV""}",,4,analog (HDZero variant available),24,https://www.rotorama.com/product/happymodel-mobula7-1s-elrs-2-4g,"Analog edition 24g (HD: 33g). 40mm props, 75mm wheelbase."
Happymodel,Mobula8,happymodel-mobula8,whoop (2S 85mm),,Happymodel EX1103 11000KV,1.0mm shaft,2,"{""cells"": ""2S"", ""capacity_mah"": 450, ""range_mah"": ""450-650"", ""connector"": ""XT30"", ""chemistry"": ""LiPo""}",,5,analog 400mW,43,https://www.happymodel.cn/index.php/2023/11/16/happymodel-mobula8-uart-elrs-2s-85mm-micro-fpv-whoop-drone/,"Gemfan 2023 tri-blade props, wheelbase 85mm. Caddx Ant camera."
HGLRC,Sector30CR,hglrc-sector30cr,cinewhoop/freestyle (3in),,HGLRC AEOLUS 2004 3000KV (4S) / 1800KV (6S),,3,"{""cells"": ""4S"", ""capacity_mah"": 850, ""range_mah"": ""550-1000 (4S or 6S)"", ""connector"": ""XT30"", ""chemistry"": ""LiPo""}",,7,analog Zeus 350mW (Vista variant),190,https://www.firstquadcopter.com/news/hglrc-sector25-sector30/,"150mm wheelbase, Gemfan D76 5-blade."
HGLRC,Veyron30CR,hglrc-veyron30cr,cinewhoop,,HGLRC AEOLUS 2004 1800KV (6S) / 3000KV (4S),,3,"{""cells"": ""6S"", ""capacity_mah"": 750, ""range_mah"": ""650-850 (6S) / 750-1300 (4S)"", ""connector"": ""XT30"", ""chemistry"": ""LiPo""}",,9,Caddx Polar Vista HD (analog variant),251,https://www.getfpv.com/hglrc-veyron30cr-3-cinewhoop-bnf-hd-w-caddx-polar-micro-vista-6s-1800kv-tbs-crossfire.html,140mm wheelbase.
iFlight,AOS 3.5 V5,iflight-aos-3-5-v5,micro freestyle (sub-250),12 hover (4S 850),iFlight XING 1504 3100KV,T-mount,3.5,"{""cells"": ""4S"", ""capacity_mah"": 850, ""connector"": ""XT30"", ""chemistry"": ""LiPo""}",,7,DJI O3 (O4 Pro variant),197,https://pyrodrone.com/products/iflight-aos-3-5-v5-4s-hd-o3-fpv-freestyle-drone-bnf-pnp-choose-receiver,"Chris Rosser AOS aero design, 162mm. HQ 3.5x2.5x3 props."
iFlight,AOS 5R,iflight-aos-5r,racing,,iFlight R5 2207 2050KV,M5,5.1,"{""cells"": ""6S"", ""capacity_mah"": 1400, ""connector"": ""XT60"", ""chemistry"": ""LiPo""}",525,14,analog (HD variants),300,https://shop.iflight.com/AOS-5R-6S-Pro2131,"Chris Rosser-designed AOS aero frame, race edition."
iFlight,Chimera4 LR,iflight-chimera4-lr,long range (sub-250),15+ (4S 850),iFlight XING 1404 3000KV (Cruiser) / 3800KV (Speed),,4,"{""cells"": ""4S"", ""capacity_mah"": 850, ""range_mah"": ""850 LiPo or 18650 Li-ion"", ""connector"": ""XT30"", ""chemistry"": ""LiPo / Li-ion""}",265.8,5,Caddx Nebula HD (analog variant),173,https://www.getfpv.com/iflight-chimera4-4-4s-lr-hd-freestyle-quadcopter-w-caddx-nebula-nano-digital-hd-system-bnf-11905.html,178mm wheelbase.
iFlight,Chimera7 Pro V2,iflight-chimera7-pro-v2,long range,up to 30 hover (21700 8000mAh),iFlight XING2 2809 1250KV,M5,7.5,"{""cells"": ""6S"", ""capacity_mah"": 8000, ""range_mah"": ""2000-4500 LiPo or 21700 Li-ion 6S1P-6S2P"", ""connector"": ""XT60"", ""chemistry"": ""LiPo / Li-ion""}",,12,DJI O3 (O4 Pro variant available),695,https://shop.iflight.com/Chimera7-Pro-V2-6S-Pro1947,HD version 695g; O4 Pro 725g. Wheelbase 327mm.
iFlight,Cidora SL5 V2.1,iflight-cidora-sl5,freestyle,,iFlight XING 2207 (V2.1 HD) / XING-E 2207 1800KV (SL5-E),M5,5.1,"{""cells"": ""6S"", ""capacity_mah"": 1100, ""range_mah"": ""1000-1300"", ""connector"": ""XT60"", ""chemistry"": ""LiPo""}",,13,Caddx Nebula Nano HD (analog variants),445.4,https://www.getfpv.com/iflight-cidora-sl5-5-fpv-racing-drone-pnp.html,V2.1 HD version 445.4g. Squashed-X frame.
iFlight,Defender 16,iflight-defender-16,cinewhoop (micro),,iFlight Defender16 1103 14000KV (early units: 1002),,1.6,"{""cells"": ""2S"", ""capacity_mah"": 900, ""connector"": ""quick-release shell"", ""chemistry"": ""LiPo (25C)""}",120,4,DJI O3,71.5,https://www.getfpv.com/iflight-defender-16-1-6-sub250-drone-hd-w-dji-o3-2s.html,Dry weight derived: 120g takeoff minus 48.5g pack. Proprietary crash-protected battery shell.
iFlight,Defender 20,iflight-defender-20,cinewhoop (sub-250),7 (3S 900),iFlight Defender20 1204 6200KV,,2,"{""cells"": ""3S"", ""capacity_mah"": 900, ""connector"": ""XT30"", ""chemistry"": ""LiPo""}",247,6,DJI O3 (O4 Lite 2S variant),178,https://shop.iflight.com/Defender-20-3S-HD-RTF-Pro2019,3S HD version; quick-release crash-protected battery shell. Defender20 2020-3 props.
iFlight,Defender 25,iflight-defender-25,cinewhoop (sub-250),6 (550mAh) / 10 (900mAh),iFlight Defender25 1404,,2.5,"{""cells"": ""4S"", ""capacity_mah"": 550, ""range_mah"": ""550 (sub-250) or 900"", ""connector"": ""XT30"", ""chemistry"": ""LiPo""}",249,5,DJI O3 (O4 variant available),180,https://shop.iflight.com/Defender-25-O3-4S-HD-Pro1923,O3 version. Defender25 2525 props. AUW 249g with 550mAh pack.
iFlight,Green Hornet V3,iflight-green-hornet-v3,cinewhoop,,iFlight XING 1408 3600KV (4S) / 1507 2800KV (6S),,3,"{""cells"": ""4S"", ""capacity_mah"": 1300, ""range_mah"": ""1300 (4S) / 1050 (6S)"", ""connector"": ""XT60"", ""chemistry"": ""LiPo""}",,9,analog 300mW (HD variants),280.1,https://www.getfpv.com/iflight-green-hornet-v3-3-bnf-cinewhoop-w-runcam-nano-2-pnp-4s-6s.html,"Bumper-guard cinewhoop, RunCam Nano 2."
iFlight,Nazgul DC5 ECO,iflight-nazgul-dc5-eco,freestyle (budget),11.5 hover (6S 1550),iFlight XING-E Pro 2207 1800KV,M5,5.1,"{""cells"": ""6S"", ""capacity_mah"": 1400, ""range_mah"": ""1300-1500"", ""connector"": ""XT60"", ""chemistry"": ""LiPo""}",675,13,DJI O4 Pro (O3 variant),450,https://shop.iflight.com/Nazgul-DC5-ECO-6S-O4-HD-Pro2263,Budget DeadCat 240mm. XL5 ECO variant exists.
iFlight,Nazgul Evoque F5 V2,iflight-nazgul-evoque-f5-v2,freestyle,,iFlight XING-E Pro 2207 1800KV,M5,5.1,"{""cells"": ""6S"", ""capacity_mah"": 1400, ""range_mah"": ""1300-1500"", ""connector"": ""XT60"", ""chemistry"": ""LiPo""}",644,13,DJI O3 (O4 variant available),419,https://shop.iflight.com/Nazgul-Evoque-F5-V2-6S-Pro1954,6S HD version. Squashed-X 225mm / DeadCat 223mm frame geometry.
iFlight,Nazgul Evoque F5 V3,iflight-nazgul-evoque-f5-v3,freestyle,12-13 hover (6S 1480),iFlight XING2 2207 1750KV,M5,5.1,"{""cells"": ""6S"", ""capacity_mah"": 1480, ""range_mah"": ""1480-1550"", ""connector"": ""XT60"", ""chemistry"": ""LiPo""}",736,13,DJI O4 Pro,492,https://shop.iflight.com/Nazgul-Evoque-F5-V3-O4-6S-HD-Pro2397,O4 Pro + GPS version. DeadCat 236mm / True X 239mm dual geometry.
iFlight,Nazgul XL5 ECO,iflight-nazgul-xl5-eco,freestyle (budget),,iFlight XING-E Pro 2207 1800KV,M5,5.1,"{""cells"": ""6S"", ""capacity_mah"": 1400, ""connector"": ""XT60"", ""chemistry"": ""LiPo""}",652,13,analog 1.6W,427,https://shop.iflight.com/Nazgul-XL5-ECO-6S-Pro2193,"Budget analog True-X 245mm, Nazgul F5 props."
iFlight,Nazgul5 V2,iflight-nazgul5-v2,freestyle,,iFlight XING-E 2207 1800KV,M5,5.1,"{""cells"": ""6S"", ""capacity_mah"": 1400, ""range_mah"": ""1300-1500"", ""connector"": ""XT60"", ""chemistry"": ""LiPo""}",620,13,analog (HD variants),393.4,https://shop.iflight.com/Nazgul5-Analog-V2-6S-BNF-Pro1820,"Legacy bestseller, superseded by V3 but still widely flown. 235mm wheelbase."
iFlight,Nazgul5 V3,iflight-nazgul5-v3,freestyle,,iFlight XING-E Pro 2207 1800KV,M5,5.1,"{""cells"": ""6S"", ""capacity_mah"": 1400, ""range_mah"": ""1300-1500"", ""connector"": ""XT60"", ""chemistry"": ""LiPo""}",660,13,DJI O3,435,https://www.getfpv.com/iflight-nazgul5-v3-hd-5-fpv-freestyle-bnf-w-dji-o3-air-unit-6s.html,"HD O3 version. Wheelbase 245mm, Nazgul 5140 props."
iFlight,ProTek25 Pusher,iflight-protek25-pusher,cinewhoop (pusher),,iFlight XING 1404 4600KV,,2.5,"{""cells"": ""4S"", ""capacity_mah"": 850, ""range_mah"": ""650-850"", ""connector"": ""XT30"", ""chemistry"": ""LiPo""}",,6,Caddx Polar Vista HD (analog variant),143.8,https://www.getfpv.com/iflight-protek25-pusher-2-5-4s-hd-bnf-cinewhoop-w-caddx-polar-vista-digital-hd-system.html,Pusher variant 143.8g; standard ProTek25 194.3g with 1404 5500KV.
iFlight,ProTek35 V1.4,iflight-protek35,cinewhoop,6 hover (6S 1400),iFlight 2205 2300KV,,3.5,"{""cells"": ""6S"", ""capacity_mah"": 1400, ""connector"": ""XT60"", ""chemistry"": ""LiPo""}",,11,DJI O3,363,https://shop.iflight.com/ProTek35-V1.4-O3-6S-HD-Pro2033,"O3 HD version 363g; analog 216g. Nazgul 3535 props, wheelbase 151mm."
iFlight,ProTek60 Pro,iflight-protek60-pro,cinelifter (6in),3-6,iFlight XING2 3110 1600KV,,6,"{""cells"": ""6S"", ""capacity_mah"": 4400, ""range_mah"": ""3700-5600"", ""connector"": ""XT60"", ""chemistry"": ""LiPo""}",,40,DJI O3 (Air Unit variants),1466,https://shop.iflight.com/ProTek60-Pro-O3-6S-HD-Cinelifter-Pro1976,"Ducted cinelifter for BMPCC/Z-CAM payloads (up to 1.5kg). 282mm, Nazgul 6x4x3."
NewBeeDrone,AcroBee65 BLV4,newbeedrone-acrobee65-blv4,tiny whoop,,NewBeeDrone Flow 0802 (27000KV Ghost edition available),1.0mm shaft,1.4,"{""cells"": ""1S (2S with throttle cap)"", ""capacity_mah"": 300, ""connector"": ""PH2.0"", ""chemistry"": ""LiHV (Nitro Nectar Gold)""}",,4,"analog (5-25mW, 400mW SmartMAX)",24.8,https://oscarliang.com/newbeedrone-acrobee65-blv4-tiny-whoop/,Connector PH2.0 per NewBeeDrone Nitro Nectar line; verify on newbeedrone.com before publish-critical use.
NewBeeDrone,AcroBee75 BLV5,newbeedrone-acrobee75-blv5,whoop (75mm 1-2S),,NewBeeDrone Flow 0804 (2S 14000KV),,1.6,"{""cells"": ""2S"", ""capacity_mah"": 450, ""connector"": ""XT30"", ""chemistry"": ""LiHV (supports 1S/2S)""}",,5,analog (O3/O4 HD pusher variants),36.4,https://newbeedrone.com/products/newbeedrone-acrobee75-blv5-bnf-elrs2-4g-2s,BLV5 analog version 36.4g; O3/O4 HD variants heavier.
SpeedyBee,Bee25,speedybee-bee25,cinewhoop,,SpeedyBee 1404 V2 4600KV,T-mount,2.5,"{""cells"": ""4S"", ""capacity_mah"": 850, ""range_mah"": ""650-1100 (4S) / 650-850 (6S build)"", ""connector"": ""XT30"", ""chemistry"": ""LiPo""}",,7,modular (no VTX included; analog/DJI/Walksnail mounts),124,https://www.speedybee.com/speedybee-bee25-frame/,"Assembled ELRS version 124g. HQProp DT63x3, 120mm wheelbase, Meteor LED ring."
SpeedyBee,Flex25,speedybee-flex25,cinewhoop (ducted),,SpeedyBee 1404 4500KV,,2.5,"{""cells"": ""4S"", ""capacity_mah"": 650, ""range_mah"": ""450-850"", ""connector"": ""XT30"", ""chemistry"": ""LiPo""}",,7,analog TX800 (HD O3/Falcon variants),140,https://www.speedybee.com/speedybee-flex25-analog-cinewhoop/,78mm wheelbase unibody duct - 2.5in props in 2in-class footprint. Gemfan D63-3.
SpeedyBee,Master 5 V2,speedybee-master-5-v2,freestyle,,SpeedyBee 2306.5 1800KV,M5,5.1,"{""cells"": ""6S"", ""capacity_mah"": 1300, ""range_mah"": ""1050-1500"", ""connector"": ""XT60"", ""chemistry"": ""LiPo""}",,13,DJI O3 (analog variant available),420,https://www.getfpv.com/speedybee-master-5-v2-drone.html,HD O3 version 420g (analog ~410g).
Sub250,Nanofly16,sub250-nanofly16,ultralight toothpick,4.5,Sub250 M1 0803 19000KV,,1.6,"{""cells"": ""1S"", ""capacity_mah"": 380, ""connector"": ""GNB27"", ""chemistry"": ""LiHV (90C)""}",38,4,analog (Caddx Ant),28,https://sub250.com/products/1s-nanofly-16-freestyle-quadcopter,"77mm wheelbase, 40mm props."
Sub250,Nanofly20,sub250-nanofly20,micro freestyle (2in),,Sub250 1002 14000KV (2S HD) / 21000KV (1S analog),,2,"{""cells"": ""2S"", ""capacity_mah"": 500, ""connector"": ""GNB27"", ""chemistry"": ""LiPo""}",,5,DJI O4 (1S analog variant 33g),77,https://www.getfpv.com/sub250-nanofly20-2-drone-hd-w-dji-o4.html,"2S O4 HD version 77g; 1S analog 33g. HQ 51mm props, 88mm wheelbase."
Sub250,Whoopfly16,sub250-whoopfly16,tiny whoop,4.5 (1S 530),Sub250 1002 21000KV,1.0mm shaft,1.6,"{""cells"": ""1S"", ""capacity_mah"": 530, ""connector"": ""GNB27"", ""chemistry"": ""LiHV""}",55.7,6,Walksnail Avatar (analog/HDZero variants available),42.9,https://sub250.com/collections/whoopfly16-series,"Walksnail HD version 42.9g (analog ~35g). Gemfan 1608 40mm props, pusher config."
T-Motor,FT5 MKII,t-motor-ft5-mkii,freestyle,,T-Motor Velox V2 2306 1950KV (6S),M5,5.1,"{""cells"": ""6S"", ""capacity_mah"": 1300, ""range_mah"": ""1100-1500"", ""connector"": ""XT60"", ""chemistry"": ""LiPo""}",,13,DJI Air Unit HD (Vista/analog variants),424,https://www.getfpv.com/t-motor-ft5-mkii-v2-hd-5-6s-fpv-freestyle-drone-w-dji-air-unit-pnp.html,"Battery range is class-standard - T-Motor does not publish a recommendation. T4943 props, 225mm."
